Date,close
2005-01-03,24.19502830505371
2005-01-04,24.01596450805664
2005-01-05,23.40275001525879
2005-01-06,22.465757369995117
2005-01-07,22.757654190063477
2005-01-10,23.113309860229492
2005-01-11,22.541793823242188
2005-01-12,20.895931243896484
2005-01-13,22.64481544494629
2005-01-14,22.620290756225586
2005-01-17,21.84763526916504
2005-01-18,21.739704132080078
2005-01-19,21.648954391479492
2005-01-20,21.295743942260742
2005-01-24,21.49687957763672
2005-01-25,21.59990119934082
2005-01-27,22.81651496887207
2005-01-28,22.240095138549805
2005-01-31,22.7650089263916
2005-02-01,22.269527435302734
2005-02-02,22.25235939025879
2005-02-03,22.306324005126953
2005-02-04,22.15179443359375
2005-02-07,21.592538833618164
2005-02-08,21.553295135498047
2005-02-09,21.609708786010742
2005-02-10,21.70047378540039
2005-02-11,21.70537567138672
2005-02-14,21.548385620117188
2005-02-15,21.950654983520508
2005-02-16,21.38895034790039
2005-02-17,21.25159454345703
2005-02-18,20.9891357421875
2005-02-21,21.070079803466797
2005-02-22,21.793676376342773
2005-02-23,21.533674240112305
2005-02-24,21.268760681152344
2005-02-25,20.903289794921875
2005-02-28,20.95479965209961
2005-03-01,20.859134674072266
2005-03-02,20.932716369628906
2005-03-03,21.163288116455078
2005-03-04,21.224611282348633
2005-03-07,21.538578033447266
2005-03-08,21.656314849853516
2005-03-09,21.406116485595703
2005-03-10,21.254045486450195
2005-03-11,21.310462951660156
2005-03-14,21.126495361328125
2005-03-15,21.023475646972656
2005-03-16,20.981779098510742
2005-03-17,21.077438354492188
2005-03-18,20.920455932617188
2005-03-21,20.65799903869629
2005-03-22,20.26308822631836
2005-03-23,19.541946411132812
2005-03-24,19.404584884643555
2005-03-28,20.275354385375977
2005-03-29,19.68175506591797
2005-03-30,19.76025390625
2005-03-31,20.267988204956055
2005-04-01,21.526309967041016
2005-04-04,22.168960571289062
2005-04-05,21.217252731323242
2005-04-06,21.057817459106445
2005-04-07,20.628564834594727
2005-04-08,20.358749389648438
2005-04-11,19.92949676513672
2005-04-12,19.500247955322266
2005-04-13,19.48798370361328
2005-04-15,18.899295806884766
2005-04-18,18.31061363220215
2005-04-19,18.470046997070312
2005-04-20,18.3474063873291
2005-04-21,18.543630599975586
2005-04-22,18.433256149291992
2005-04-25,18.64174461364746
2005-04-26,19.071002960205078
2005-04-27,18.98514747619629
2005-04-28,18.899295806884766
2005-04-29,17.672870635986328
2005-05-02,17.341733932495117
2005-05-03,17.55021858215332
2005-05-04,17.79551124572754
2005-05-05,17.832304000854492
2005-05-06,18.39646339416504
2005-05-09,19.193641662597656
2005-05-10,19.62288475036621
2005-05-11,19.770065307617188
2005-05-12,20.015344619750977
2005-05-13,20.469125747680664
2005-05-16,23.498411178588867
2005-05-17,22.088014602661133
2005-05-18,22.41915512084961
2005-05-19,22.051225662231445
2005-05-20,21.830472946166992
2005-05-23,22.186128616333008
2005-05-24,21.81820297241211
2005-05-25,21.80594253540039
2005-05-26,22.100278854370117
2005-05-27,21.671031951904297
2005-05-30,21.352161407470703
2005-05-31,21.4870662689209
2005-06-01,22.100278854370117
2005-06-02,21.879520416259766
2005-06-03,22.161598205566406
2005-06-06,22.382362365722656
2005-06-07,22.811613082885742
2005-06-08,22.603120803833008
2005-06-09,23.155012130737305
2005-06-10,22.78708267211914
2005-06-13,22.357831954956055
2005-06-14,22.468210220336914
2005-06-15,22.45594596862793
2005-06-16,22.934253692626953
2005-06-17,22.443679809570312
2005-06-20,22.848400115966797
2005-06-21,22.578590393066406
2005-06-22,22.2965087890625
2005-06-23,22.370098114013672
2005-06-24,22.33330535888672
2005-06-27,21.84273338317871
2005-06-28,21.75687599182129
2005-06-29,22.39238929748535
2005-06-30,22.629148483276367
2005-07-01,23.501420974731445
2005-07-04,24.759979248046875
2005-07-05,24.373687744140625
2005-07-06,24.523221969604492
2005-07-07,23.93755531311035
2005-07-08,24.0247802734375
2005-07-11,24.27400016784668
2005-07-12,24.012319564819336
2005-07-13,23.875246047973633
2005-07-14,23.725719451904297
2005-07-15,23.65094757080078
2005-07-18,23.713260650634766
2005-07-19,23.488954544067383
2005-07-20,23.62602996826172
2005-07-21,23.576183319091797
2005-07-22,23.601104736328125
2005-07-25,23.987398147583008
2005-07-26,23.750638961791992
2005-07-27,23.601104736328125
2005-07-28,47.20220947265625
2005-07-29,22.940675735473633
2005-08-01,22.865907669067383
2005-08-02,22.940675735473633
2005-08-03,22.666534423828125
2005-08-04,23.189897537231445
2005-08-05,22.915752410888672
2005-08-08,22.865907669067383
2005-08-09,22.479612350463867
2005-08-10,22.71637725830078
2005-08-11,22.71637725830078
2005-08-12,22.75375747680664
2005-08-16,22.85344696044922
2005-08-17,23.00298500061035
2005-08-18,23.07774543762207
2005-08-19,23.115127563476562
2005-08-22,23.2522029876709
2005-08-23,22.342548370361328
2005-08-24,22.280237197875977
2005-08-25,22.517000198364258
2005-08-26,22.52945899963379
2005-08-29,22.492080688476562
2005-08-30,22.728832244873047
2005-08-31,23.725719451904297
2005-09-01,23.26466178894043
2005-09-02,23.227277755737305
2005-09-05,23.140047073364258
2005-09-06,22.97805404663086
2005-09-08,22.840986251831055
2005-09-09,22.741296768188477
2005-09-12,22.728832244873047
2005-09-13,22.76622200012207
2005-09-14,22.89082908630371
2005-09-15,23.177433013916016
2005-09-16,23.277116775512695
2005-09-19,23.31450843811035
2005-09-20,22.940675735473633
2005-09-21,22.40485191345215
2005-09-22,21.208595275878906
2005-09-23,21.45781707763672
2005-09-26,22.05594825744629
2005-09-27,22.217939376831055
2005-09-28,22.703914642333984
2005-09-29,22.840986251831055
2005-09-30,22.492080688476562
2005-10-03,22.52945899963379
2005-10-04,23.00298500061035
2005-10-05,23.31450843811035
2005-10-06,22.678998947143555
2005-10-07,22.40485191345215
2005-10-10,22.305158615112305
2005-10-11,22.205474853515625
2005-10-13,22.080867767333984
2005-10-14,21.48273468017578
2005-10-17,20.996761322021484
2005-10-18,21.208595275878906
2005-10-19,20.02480697631836
2005-10-20,20.11202621459961
2005-10-21,20.33632469177246
2005-10-24,20.647851943969727
2005-10-25,21.196134567260742
2005-10-26,21.233516693115234
2005-10-27,21.121368408203125
2005-10-28,20.48586082458496
2005-10-31,20.859691619873047
2005-11-02,21.121368408203125
2005-11-04,21.121368408203125
2005-11-07,21.532583236694336
2005-11-08,21.911235809326172
2005-11-09,21.671422958374023
2005-11-10,21.81026268005371
2005-11-11,21.986963272094727
2005-11-14,21.96172332763672
2005-11-16,22.10056495666504
2005-11-17,21.92385482788086
2005-11-18,21.835500717163086
2005-11-21,21.646181106567383
2005-11-22,21.772396087646484
2005-11-23,21.734527587890625
2005-11-24,21.848125457763672
2005-11-25,21.974346160888672
2005-11-28,22.4918270111084
2005-11-29,22.125802993774414
2005-11-30,22.681154251098633
2005-12-01,23.009315490722656
2005-12-02,22.504451751708984
2005-12-05,22.55493927001953
2005-12-06,22.52969741821289
2005-12-07,22.39085578918457
2005-12-08,22.340373992919922
2005-12-09,22.39085578918457
2005-12-12,23.009315490722656
2005-12-13,22.807371139526367
2005-12-14,22.794755935668945
2005-12-15,22.416105270385742
2005-12-16,22.42872428894043
2005-12-19,22.4918270111084
2005-12-20,22.63066864013672
2005-12-21,22.94621467590332
2005-12-22,23.350107192993164
2005-12-23,22.84524154663086
2005-12-26,22.42872428894043
2005-12-27,22.605424880981445
2005-12-28,22.7442626953125
2005-12-29,22.719022750854492
2005-12-30,23.021936416625977
2006-01-02,24.62489891052246
2006-01-03,26.278331756591797
2006-01-04,29.017234802246094
2006-01-05,29.648326873779297
2006-01-06,28.512372970581055
2006-01-09,28.487131118774414
2006-01-10,27.313312530517578
2006-01-12,27.80556297302246
2006-01-13,28.512372970581055
2006-01-16,28.79004669189453
2006-01-17,27.363801956176758
2006-01-18,28.424020767211914
2006-01-19,28.638587951660156
2006-01-20,32.9552001953125
2006-01-23,30.645435333251953
2006-01-24,30.80951499938965
2006-01-25,30.29202651977539
2006-01-27,30.304649353027344
2006-01-30,30.3172664642334
2006-01-31,29.938615798950195
2006-02-01,30.29202651977539
2006-02-02,30.3172664642334
2006-02-03,30.910490036010742
2006-02-06,30.45610809326172
2006-02-07,30.34252166748047
2006-02-08,30.41825294494629
2006-02-10,31.453227996826172
2006-02-13,33.22026062011719
2006-02-14,33.535797119140625
2006-02-15,33.35909652709961
2006-02-16,33.57365798950195
2006-02-17,32.008583068847656
2006-02-20,31.844493865966797
2006-02-21,31.768762588500977
2006-02-22,32.86684799194336
2006-02-23,31.74352264404297
2006-02-24,32.02119445800781
2006-02-27,31.440601348876953
2006-02-28,30.998842239379883
2006-03-01,31.07457733154297
2006-03-02,30.6328125
2006-03-03,31.251279830932617
2006-03-06,31.402738571166992
2006-03-07,30.746410369873047
2006-03-08,30.746410369873047
2006-03-09,30.80951499938965
2006-03-10,30.43086814880371
2006-03-13,30.32989501953125
2006-03-14,30.43086814880371
2006-03-16,30.09007453918457
2006-03-17,29.673566818237305
2006-03-20,29.34540557861328
2006-03-21,28.941513061523438
2006-03-22,28.4366455078125
2006-03-23,28.285179138183594
2006-03-24,28.802671432495117
2006-03-27,29.648326873779297
2006-03-28,28.651206970214844
2006-03-29,29.459003448486328
2006-03-30,29.34540557861328
2006-03-31,28.9793758392334
2006-04-03,31.301759719848633
2006-04-04,31.22603416442871
2006-04-05,30.759029388427734
2006-04-07,30.165817260742188
2006-04-10,29.585214614868164
2006-04-12,29.004615783691406
2006-04-13,28.386152267456055
2006-04-17,28.487131118774414
2006-04-18,28.285179138183594
2006-04-19,28.25993537902832
2006-04-20,28.348295211791992
2006-04-21,28.13372230529785
2006-04-24,28.108476638793945
2006-04-25,27.957012176513672
2006-04-26,27.881288528442383
2006-04-27,27.931772232055664
2006-04-28,27.80556297302246
2006-05-02,28.638587951660156
2006-05-03,28.512372970581055
2006-05-04,28.335664749145508
2006-05-05,28.802671432495117
2006-05-08,28.827911376953125
2006-05-09,28.638587951660156
2006-05-10,29.534730911254883
2006-05-11,29.25705337524414
2006-05-12,29.610462188720703
2006-05-15,28.512372970581055
2006-05-16,29.724061965942383
2006-05-17,29.673566818237305
2006-05-18,28.25993537902832
2006-05-19,26.2404727935791
2006-05-22,24.031679153442383
2006-05-23,24.814220428466797
2006-05-24,25.01616859436035
2006-05-25,26.328826904296875
2006-05-26,26.75795555114746
2006-05-29,27.086118698120117
2006-05-30,26.35406494140625
2006-05-31,24.839466094970703
2006-06-01,24.67538070678711
2006-06-02,24.63751792907715
2006-06-05,24.233619689941406
2006-06-06,23.5394287109375
2006-06-07,22.226776123046875
2006-06-08,21.065582275390625
2006-06-09,21.721908569335938
2006-06-12,21.065582275390625
2006-06-13,20.71217918395996
2006-06-14,20.699554443359375
2006-06-15,20.964611053466797
2006-06-16,22.02482795715332
2006-06-19,21.81026268005371
2006-06-20,21.608312606811523
2006-06-21,23.047183990478516
2006-06-22,23.526809692382812
2006-06-23,24.145273208618164
2006-06-26,23.362728118896484
2006-06-27,23.350107192993164
2006-06-28,23.77924156188965
2006-06-29,23.920326232910156
2006-06-30,23.920326232910156
2006-07-03,23.715110778808594
2006-07-04,23.574020385742188
2006-07-05,24.099889755249023
2006-07-06,23.894672393798828
2006-07-07,23.66381072998047
2006-07-10,23.497074127197266
2006-07-11,23.343164443969727
2006-07-12,23.176422119140625
2006-07-13,22.79164695739746
2006-07-14,22.45817756652832
2006-07-17,21.95796012878418
2006-07-18,21.637311935424805
2006-07-19,21.291017532348633
2006-07-20,21.45775032043457
2006-07-21,21.35514259338379
2006-07-24,20.81645393371582
2006-07-25,21.239715576171875
2006-07-26,21.624492645263672
2006-07-27,22.073396682739258
2006-07-28,22.650564193725586
2006-07-31,22.2144832611084
2006-08-01,22.176000595092773
2006-08-02,21.945138931274414
2006-08-03,22.09904670715332
2006-08-04,21.739917755126953
2006-08-07,21.804044723510742
2006-08-08,21.842529296875
2006-08-09,22.317087173461914
2006-08-10,22.45817756652832
2006-08-11,23.497074127197266
2006-08-14,24.65140724182129
2006-08-16,25.06182861328125
2006-08-17,24.600099563598633
2006-08-18,25.921173095703125
2006-08-21,25.510738372802734
2006-08-22,25.036184310913086
2006-08-23,24.138362884521484
2006-08-24,23.984458923339844
2006-08-25,24.151195526123047
2006-08-28,24.317930221557617
2006-08-29,24.164016723632812
2006-08-30,24.010103225708008
2006-08-31,23.65097999572754
2006-09-01,23.843372344970703
2006-09-04,23.70229148864746
2006-09-05,23.95880126953125
2006-09-06,24.17683982849121
2006-09-07,24.228151321411133
2006-09-08,24.49748992919922
2006-09-11,23.817718505859375
2006-09-12,23.945980072021484
2006-09-13,23.984458923339844
2006-09-14,23.869028091430664
2006-09-15,23.638147354125977
2006-09-18,23.77924156188965
2006-09-19,24.317930221557617
2006-09-20,24.754013061523438
2006-09-21,25.574871063232422
2006-09-22,25.087488174438477
2006-09-25,24.664226531982422
2006-09-26,24.228151321411133
2006-09-27,24.048587799072266
2006-09-28,23.99728775024414
2006-09-29,24.061412811279297
2006-10-03,23.817718505859375
2006-10-04,23.83054542541504
2006-10-05,24.33075714111328
2006-10-06,24.30510902404785
2006-10-09,24.061412811279297
2006-10-10,24.074234008789062
2006-10-11,23.70229148864746
2006-10-12,23.817718505859375
2006-10-13,23.843372344970703
2006-10-16,24.035764694213867
2006-10-17,23.548377990722656
2006-10-18,23.920326232910156
2006-10-19,24.08706283569336
2006-10-20,23.70229148864746
2006-10-23,23.869028091430664
2006-10-26,23.80489158630371
2006-10-27,23.843372344970703
2006-10-30,24.035764694213867
2006-10-31,23.394460678100586
2006-11-01,23.43294334411621
2006-11-02,22.88142967224121
2006-11-03,23.08664321899414
2006-11-06,23.08664321899414
2006-11-07,23.035341262817383
2006-11-08,23.07381820678711
2006-11-09,23.561199188232422
2006-11-10,23.625328063964844
2006-11-13,23.884950637817383
2006-11-14,23.560422897338867
2006-11-15,23.18398094177246
2006-11-16,23.01523208618164
2006-11-17,22.521949768066406
2006-11-20,23.145034790039062
2006-11-21,23.248884201049805
2006-11-22,22.729650497436523
2006-11-23,23.080127716064453
2006-11-24,22.70368003845215
2006-11-27,23.093109130859375
2006-11-28,23.093109130859375
2006-11-29,23.31378746032715
2006-11-30,23.391674041748047
2006-12-01,23.625333786010742
2006-12-04,24.02774429321289
2006-12-05,24.07966423034668
2006-12-06,23.84600830078125
2006-12-07,23.962839126586914
2006-12-08,24.014760971069336
2006-12-11,23.833024978637695
2006-12-12,23.417631149291992
2006-12-13,23.378692626953125
2006-12-14,23.560422897338867
2006-12-15,23.54744529724121
2006-12-18,23.352731704711914
2006-12-19,23.625333786010742
2006-12-20,23.417631149291992
2006-12-21,23.352731704711914
2006-12-22,23.23590087890625
2006-12-26,23.248884201049805
2006-12-27,23.23590087890625
2006-12-28,23.23590087890625
2006-12-29,23.248884201049805
2007-01-02,25.144100189208984
2007-01-03,25.65035629272461
2007-01-04,25.234970092773438
2007-01-05,26.546043395996094
2007-01-08,25.974885940551758
2007-01-09,27.25999641418457
2007-01-10,26.584983825683594
2007-01-11,26.67584991455078
2007-01-12,26.221525192260742
2007-01-15,26.06574821472168
2007-01-16,26.104692459106445
2007-01-17,26.325366973876953
2007-01-18,26.36431312561035
2007-01-19,26.494123458862305
2007-01-22,27.02633285522461
2007-01-23,26.533061981201172
2007-01-24,26.286426544189453
2007-01-25,26.130651473999023
2007-01-29,26.143632888793945
2007-01-31,25.663339614868164
2007-02-01,25.157079696655273
2007-02-02,24.923425674438477
2007-02-05,24.521020889282227
2007-02-06,24.598905563354492
2007-02-07,24.559955596923828
2007-02-08,24.183509826660156
2007-02-09,23.923885345458984
2007-02-12,23.456575393676758
2007-02-13,23.22292137145996
2007-02-14,23.339754104614258
2007-02-15,23.936872482299805
2007-02-19,23.820045471191406
2007-02-20,23.884950637817383
2007-02-21,24.066682815551758
2007-02-22,24.131587982177734
2007-02-23,23.871965408325195
2007-02-26,23.75514030456543
2007-02-27,23.495525360107422
2007-02-28,23.248884201049805
2007-03-01,22.8724308013916
2007-03-02,22.37915802001953
2007-03-05,21.01616096496582
2007-03-06,21.171932220458984
2007-03-07,20.756540298461914
2007-03-08,19.964698791503906
2007-03-09,20.483932495117188
2007-03-12,20.34115219116211
2007-03-13,20.678651809692383
2007-03-14,20.769515991210938
2007-03-15,20.79548454284668
2007-03-16,20.50990867614746
2007-03-19,20.58778953552246
2007-03-20,20.39307403564453
2007-03-21,20.60076904296875
2007-03-22,20.769515991210938
2007-03-23,20.769515991210938
2007-03-26,20.146438598632812
2007-03-28,19.860858917236328
2007-03-29,20.042593002319336
2007-03-30,20.406057357788086
2007-04-02,20.50990867614746
2007-04-03,20.172401428222656
2007-04-04,20.470962524414062
2007-04-05,20.548847198486328
2007-04-09,20.57480812072754
2007-04-10,21.0031795501709
2007-04-11,21.431549072265625
2007-04-12,21.639244079589844
2007-04-13,21.15894889831543
2007-04-16,21.379623413085938
2007-04-17,21.652225494384766
2007-04-18,21.704143524169922
2007-04-19,21.73011589050293
2007-04-20,21.54837989807129
2007-04-23,21.327699661254883
2007-04-24,21.44452476501465
2007-04-25,21.366649627685547
2007-04-26,20.938276290893555
2007-04-27,20.977214813232422
2007-04-30,20.912317276000977
2007-05-03,20.743560791015625
2007-05-04,20.60076904296875
2007-05-07,20.53586769104004
2007-05-08,20.691638946533203
2007-05-09,20.938276290893555
2007-05-10,20.756540298461914
2007-05-11,20.665664672851562
2007-05-14,20.912317276000977
2007-05-15,21.171932220458984
2007-05-16,21.262798309326172
2007-05-17,20.496919631958008
2007-05-18,20.39307403564453
2007-05-21,19.860858917236328
2007-05-22,19.341611862182617
2007-05-23,18.913246154785156
2007-05-24,19.315656661987305
2007-05-25,19.107955932617188
2007-05-28,18.991127014160156
2007-05-29,19.069013595581055
2007-05-30,19.094980239868164
2007-05-31,19.990663528442383
2007-06-01,19.497386932373047
2007-06-04,19.419506072998047
2007-06-05,19.276704788208008
2007-06-06,19.08199691772461
2007-06-07,18.874300003051758
2007-06-08,18.83536148071289
2007-06-11,18.770458221435547
2007-06-12,18.744491577148438
2007-06-13,18.861326217651367
2007-06-14,19.315656661987305
2007-06-15,19.302675247192383
2007-06-18,19.043060302734375
2007-06-19,19.01709747314453
2007-06-20,18.83536148071289
2007-06-21,19.030073165893555
2007-06-22,19.069013595581055
2007-06-25,19.302675247192383
2007-06-26,19.120943069458008
2007-06-27,19.133922576904297
2007-06-28,18.913246154785156
2007-06-29,19.08199691772461
2007-07-02,18.96516990661621
2007-07-03,19.107955932617188
2007-07-04,19.056034088134766
2007-07-05,18.679590225219727
2007-07-06,18.588720321655273
2007-07-09,18.471895217895508
2007-07-10,18.419967651367188
2007-07-11,18.653623580932617
2007-07-12,18.825979232788086
2007-07-13,18.60059928894043
2007-07-16,18.534305572509766
2007-07-17,18.441505432128906
2007-07-18,18.428241729736328
2007-07-19,18.41499137878418
2007-07-20,18.33543586730957
2007-07-23,18.057031631469727
2007-07-24,17.990737915039062
2007-07-25,17.924449920654297
2007-07-26,17.52672004699707
2007-07-27,17.4869441986084
2007-07-30,17.142248153686523
2007-07-31,17.235048294067383
2007-08-01,16.9168643951416
2007-08-02,16.996410369873047
2007-08-03,16.943382263183594
2007-08-06,16.519134521484375
2007-08-07,16.66496467590332
2007-08-08,16.638446807861328
2007-08-09,16.598678588867188
2007-08-10,16.53238868713379
2007-08-13,16.505874633789062
2007-08-14,16.9168643951416
2007-08-16,17.354368209838867
2007-08-17,17.473690032958984
2007-08-20,18.163089752197266
2007-08-21,17.460430145263672
2007-08-22,17.725587844848633
2007-08-23,17.52672004699707
2007-08-24,17.61952018737793
2007-08-27,17.725587844848633
2007-08-28,17.752098083496094
2007-08-29,17.699071884155273
2007-08-30,17.725587844848633
2007-08-31,18.255891799926758
2007-09-03,18.123319625854492
2007-09-04,18.030517578125
2007-09-05,18.136571884155273
2007-09-06,18.202863693237305
2007-09-07,18.136571884155273
2007-09-10,18.096803665161133
2007-09-11,18.481271743774414
2007-09-12,18.653623580932617
2007-09-13,18.799461364746094
2007-09-14,18.41499137878418
2007-09-17,18.388471603393555
2007-09-18,18.71991539001465
2007-09-19,18.852489471435547
2007-09-20,18.587337493896484
2007-09-21,18.163089752197266
2007-09-24,17.818391799926758
2007-09-25,17.87141990661621
2007-09-26,18.083545684814453
2007-09-27,17.87141990661621
2007-09-28,18.163089752197266
2007-10-01,17.96422576904297
2007-10-03,17.88467788696289
2007-10-04,17.500205993652344
2007-10-05,17.274822235107422
2007-10-08,17.15550422668457
2007-10-09,17.288082122802734
2007-10-10,17.30133628845215
2007-10-11,17.354368209838867
2007-10-12,17.4869441986084
2007-10-15,17.433914184570312
2007-10-16,17.460430145263672
2007-10-17,17.142248153686523
2007-10-18,16.956634521484375
2007-10-19,16.996410369873047
2007-10-22,16.82406234741211
2007-10-23,17.089214324951172
2007-10-24,17.208538055419922
2007-10-25,17.022924423217773
2007-10-26,17.168764114379883
2007-10-29,17.168764114379883
2007-10-30,16.9168643951416
2007-10-31,18.043773651123047
2007-11-01,17.314594268798828
2007-11-02,17.394142150878906
2007-11-05,17.539974212646484
2007-11-06,17.566497802734375
2007-11-07,17.062698364257812
2007-11-08,16.74451446533203
2007-11-12,16.79754066467285
2007-11-13,17.009662628173828
2007-11-14,17.11573028564453
2007-11-15,16.996410369873047
2007-11-16,17.168764114379883
2007-11-19,17.85816192626953
2007-11-20,18.295669555664062
2007-11-21,17.447172164916992
2007-11-22,17.235048294067383
2007-11-23,17.221786499023438
2007-11-26,17.15550422668457
2007-11-27,17.089214324951172
2007-11-28,16.903606414794922
2007-11-29,17.03618049621582
2007-11-30,17.208538055419922
2007-12-03,17.500205993652344
2007-12-04,17.67255210876465
2007-12-05,18.958553314208984
2007-12-06,20.151744842529297
2007-12-07,20.165010452270508
2007-12-10,19.926368713378906
2007-12-11,20.019176483154297
2007-12-12,19.913116455078125
2007-12-13,20.20478057861328
2007-12-14,20.761613845825195
2007-12-17,20.09872055053711
2007-12-18,21.782447814941406
2007-12-19,21.82222557067871
2007-12-20,20.655548095703125
2007-12-24,20.973731994628906
2007-12-26,20.84115219116211
2007-12-27,20.907438278198242
2007-12-28,21.146076202392578
2007-12-31,21.64988136291504
2008-01-01,25.985151290893555
2008-01-02,24.63286018371582
2008-01-03,24.14232635498047
2008-01-04,23.678302764892578
2008-01-07,23.89042854309082
2008-01-08,24.540058135986328
2008-01-09,24.049516677856445
2008-01-10,22.326021194458008
2008-01-11,21.702903747558594
2008-01-14,21.875255584716797
2008-01-15,21.477523803710938
2008-01-16,20.708576202392578
2008-01-17,20.84115219116211
2008-01-18,19.714244842529297
2008-01-21,15.776700019836426
2008-01-22,13.522883415222168
2008-01-23,16.227458953857422
2008-01-24,15.76343822479248
2008-01-25,17.288082122802734
2008-01-28,16.74451446533203
2008-01-29,16.983154296875
2008-01-30,15.975564002990723
2008-01-31,15.471773147583008
2008-02-01,15.710410118103027
2008-02-04,15.988822937011719
2008-02-05,15.57783317565918
2008-02-06,15.325935363769531
2008-02-07,15.365705490112305
2008-02-08,14.928204536437988
2008-02-11,14.039935111999512
2008-02-12,13.933873176574707
2008-02-13,14.464181900024414
2008-02-14,14.981232643127441
2008-02-15,15.378969192504883
2008-02-18,15.206615447998047
2008-02-19,15.432000160217285
2008-02-20,14.861913681030273
2008-02-21,14.967976570129395
2008-02-22,14.954721450805664
2008-02-25,14.755855560302734
2008-02-26,14.66305160522461
2008-02-27,15.683894157409668
2008-02-28,15.418740272521973
2008-02-29,15.750184059143066
2008-03-03,15.100555419921875
2008-03-04,14.252060890197754
2008-03-05,14.371378898620605
2008-03-07,13.443340301513672
2008-03-10,12.409235000610352
2008-03-11,12.581587791442871
2008-03-12,12.462265968322754
2008-03-13,11.693320274353027
2008-03-14,11.401646614074707
2008-03-17,10.778536796569824
2008-03-18,10.16867733001709
2008-03-19,9.704657554626465
2008-03-24,8.657297134399414
2008-03-25,8.975483894348145
2008-03-26,9.823976516723633
2008-03-27,11.799378395080566
2008-03-28,13.416823387145996
2008-03-31,13.20469856262207
2008-04-01,12.992575645446777
2008-04-02,12.992575645446777
2008-04-03,12.700906753540039
2008-04-04,12.939547538757324
2008-04-07,13.138411521911621
2008-04-08,14.185770988464355
2008-04-09,14.570243835449219
2008-04-10,13.947131156921387
2008-04-11,13.854327201843262
2008-04-15,13.761524200439453
2008-04-16,13.774781227111816
2008-04-17,13.735008239746094
2008-04-21,14.278576850891113
2008-04-22,14.199029922485352
2008-04-23,13.986906051635742
2008-04-24,13.60243034362793
2008-04-25,13.178183555603027
2008-04-28,13.628947257995605
2008-04-29,13.54940128326416
2008-04-30,13.24447250366211
2008-05-02,13.337274551391602
2008-05-05,13.217955589294434
2008-05-06,13.111896514892578
2008-05-07,12.939547538757324
2008-05-08,12.72741985321045
2008-05-09,12.342947006225586
2008-05-12,12.157339096069336
2008-05-13,11.852410316467285
2008-05-14,12.064532279968262
2008-05-15,12.064532279968262
2008-05-16,11.58725357055664
2008-05-20,12.44900894165039
2008-05-21,12.329689979553223
2008-05-22,12.236886024475098
2008-05-23,11.998248100280762
2008-05-26,11.693320274353027
2008-05-27,11.746349334716797
2008-05-28,11.666802406311035
2008-05-29,11.58725357055664
2008-05-30,11.507710456848145
2008-06-02,11.18952465057373
2008-06-03,11.18952465057373
2008-06-04,10.884596824645996
2008-06-05,10.950882911682129
2008-06-06,10.964143753051758
2008-06-09,10.327774047851562
2008-06-10,10.394062995910645
2008-06-11,11.149752616882324
2008-06-12,11.494451522827148
2008-06-13,11.229297637939453
2008-06-16,11.534226417541504
2008-06-17,11.878925323486328
2008-06-18,12.14408016204834
2008-06-19,11.94521427154541
2008-06-20,11.149752616882324
2008-06-23,10.6194429397583
2008-06-24,10.208451271057129
2008-06-25,10.248225212097168
2008-06-26,10.553149223327637
2008-06-27,10.327774047851562
2008-06-30,10.566410064697266
2008-07-01,10.274741172790527
2008-07-02,10.513381958007812
2008-07-03,10.607368469238281
2008-07-04,10.80877685546875
2008-07-07,10.31197452545166
2008-07-08,10.204557418823242
2008-07-09,10.956473350524902
2008-07-10,10.661075592041016
2008-07-11,10.567089080810547
2008-07-14,10.338829040527344
2008-07-15,10.137423515319824
2008-07-16,9.828600883483887
2008-07-17,10.164276123046875
2008-07-18,10.365680694580078
2008-07-21,10.31197452545166
2008-07-22,10.513381958007812
2008-07-23,10.741639137268066
2008-07-24,10.661075592041016
2008-07-25,10.540233612060547
2008-07-28,11.976924896240234
2008-07-29,11.050463676452637
2008-07-30,11.305577278137207
2008-07-31,11.345857620239258
2008-08-01,11.27872085571289
2008-08-04,11.70838737487793
2008-08-05,12.46030044555664
2008-08-06,11.963502883911133
2008-08-07,12.258896827697754
2008-08-08,12.272322654724121
2008-08-11,12.218613624572754
2008-08-12,12.339459419250488
2008-08-13,12.272322654724121
2008-08-14,12.822831153869629
2008-08-18,13.010812759399414
2008-08-19,12.93025016784668
2008-08-20,12.863112449645996
2008-08-21,12.245469093322754
2008-08-22,11.9903564453125
2008-08-25,11.923221588134766
2008-08-26,11.856083869934082
2008-08-27,11.882939338684082
2008-08-28,11.627823829650879
2008-08-29,11.802375793457031
2008-09-01,11.802375793457031
2008-09-02,11.829231262207031
2008-09-04,11.78895092010498
2008-09-05,11.74867057800293
2008-09-08,11.802375793457031
2008-09-09,11.77552318572998
2008-09-10,11.641249656677246
2008-09-11,11.560690879821777
2008-09-12,11.466700553894043
2008-09-15,10.540233612060547
2008-09-16,10.486525535583496
2008-09-17,10.486525535583496
2008-09-18,10.030007362365723
2008-09-19,10.486525535583496
2008-09-22,10.701356887817383
2008-09-23,10.31197452545166
2008-09-24,10.177703857421875
2008-09-25,9.882306098937988
2008-09-26,9.694330215454102
2008-09-29,9.049830436706543
2008-09-30,9.090112686157227
2008-10-01,9.398932456970215
2008-10-03,9.210954666137695
2008-10-06,8.36505126953125
2008-10-07,8.217353820800781
2008-10-08,8.015948295593262
2008-10-10,7.89510440826416
2008-10-13,8.727582931518555
2008-10-14,8.781291961669922
2008-10-15,8.593311309814453
2008-10-16,8.351624488830566
2008-10-17,8.163644790649414
2008-10-20,8.284489631652832
2008-10-21,9.949442863464355
2008-10-22,10.59394359588623
2008-10-23,9.962868690490723
2008-10-24,8.915560722351074
2008-10-27,8.727582931518555
2008-10-29,9.090112686157227
2008-10-31,9.506354331970215
2008-11-03,9.909162521362305
2008-11-04,9.936018943786621
2008-11-05,9.828600883483887
2008-11-06,9.667474746704102
2008-11-07,9.922589302062988
2008-11-10,10.070287704467773
2008-11-11,9.842028617858887
2008-11-12,9.613767623901367
2008-11-14,9.801746368408203
2008-11-17,9.398932456970215
2008-11-18,9.519779205322266
2008-11-19,9.224382400512695
2008-11-20,8.861852645874023
2008-11-21,9.009550094604492
2008-11-24,9.130392074584961
2008-11-25,8.767861366271973
2008-11-26,8.915560722351074
2008-11-27,8.915560722351074
2008-11-28,8.714154243469238
2008-12-01,8.834999084472656
2008-12-02,8.633593559265137
2008-12-03,8.700728416442871
2008-12-04,9.022977828979492
2008-12-05,9.06325912475586
2008-12-08,9.022977828979492
2008-12-10,9.291518211364746
2008-12-11,9.27808952331543
2008-12-12,9.304944038391113
2008-12-15,9.492920875549316
2008-12-16,10.217985153198242
2008-12-17,9.842028617858887
2008-12-18,10.030007362365723
2008-12-19,10.070287704467773
2008-12-22,10.150848388671875
2008-12-23,9.949442863464355
2008-12-24,9.962868690490723
2008-12-26,10.31197452545166
2008-12-29,10.996752738952637
2008-12-30,11.063888549804688
2008-12-31,10.8356294631958
2009-01-02,11.50698184967041
2009-01-05,11.466700553894043
2009-01-06,11.627823829650879
2009-01-07,10.177703857421875
2009-01-09,9.936018943786621
2009-01-12,9.667474746704102
2009-01-13,9.667474746704102
2009-01-14,9.909162521362305
2009-01-15,9.694330215454102
2009-01-16,9.909162521362305
2009-01-19,10.164276123046875
2009-01-20,10.231411933898926
2009-01-21,10.150848388671875
2009-01-22,9.815170288085938
2009-01-23,9.815170288085938
2009-01-27,9.694330215454102
2009-01-28,9.828600883483887
2009-01-29,9.748039245605469
2009-01-30,9.774893760681152
2009-02-02,9.5869140625
2009-02-03,9.519779205322266
2009-02-04,9.506354331970215
2009-02-05,9.560060501098633
2009-02-06,9.546632766723633
2009-02-09,9.600342750549316
2009-02-10,10.929618835449219
2009-02-11,10.8356294631958
2009-02-12,10.27169418334961
2009-02-13,10.204557418823242
2009-02-16,9.85545539855957
2009-02-17,9.627191543579102
2009-02-18,9.439215660095215
2009-02-19,9.385505676269531
2009-02-20,9.197527885437012
2009-02-24,9.049830436706543
2009-02-25,9.10353946685791
2009-02-26,9.06325912475586
2009-02-27,8.834999084472656
2009-03-02,8.754437446594238
2009-03-03,8.606738090515137
2009-03-04,8.3919095993042
2009-03-05,8.3919095993042
2009-03-06,8.418760299682617
2009-03-09,8.297917366027832
2009-03-12,8.3919095993042
2009-03-13,8.620162963867188
2009-03-16,8.727582931518555
2009-03-17,8.687299728393555
2009-03-18,8.499321937561035
2009-03-19,9.022977828979492
2009-03-20,9.116966247558594
2009-03-23,9.331798553466797
2009-03-24,9.546632766723633
2009-03-25,9.748039245605469
2009-03-26,9.654048919677734
2009-03-27,9.882306098937988
2009-03-30,9.748039245605469
2009-03-31,9.936018943786621
2009-04-01,10.244839668273926
2009-04-02,10.405962944030762
2009-04-06,10.513381958007812
2009-04-08,10.486525535583496
2009-04-09,10.553662300109863
2009-04-13,10.741639137268066
2009-04-15,10.969900131225586
2009-04-16,10.231411933898926
2009-04-17,10.204557418823242
2009-04-20,10.258268356323242
2009-04-21,11.23844051361084
2009-04-22,10.647651672363281
2009-04-23,10.634222030639648
2009-04-24,10.580516815185547
2009-04-27,10.379108428955078
2009-04-28,10.164276123046875
2009-04-29,10.217985153198242
2009-04-30,10.204557418823242
2009-05-04,10.446243286132812
2009-05-05,11.010181427001953
2009-05-06,10.929618835449219
2009-05-07,11.131023406982422
2009-05-08,11.198161125183105
2009-05-11,11.117597579956055
2009-05-12,11.372711181640625
2009-05-13,11.050463676452637
2009-05-14,10.781920433044434
2009-05-15,10.634222030639648
2009-05-18,10.634222030639648
2009-05-19,10.902763366699219
2009-05-20,11.600972175598145
2009-05-21,12.044060707092285
2009-05-22,12.366310119628906
2009-05-25,12.99738597869873
2009-05-26,12.420022010803223
2009-05-27,12.648282051086426
2009-05-28,12.20518970489502
2009-05-29,12.299176216125488
2009-06-01,13.077945709228516
2009-06-02,13.010812759399414
2009-06-03,13.950706481933594
2009-06-04,13.816436767578125
2009-06-05,13.910421371459961
2009-06-08,12.728842735290527
2009-06-09,12.87653923034668
2009-06-10,12.755694389343262
2009-06-11,12.299176216125488
2009-06-12,11.976924896240234
2009-06-15,11.721816062927246
2009-06-16,12.044060707092285
2009-06-17,11.27872085571289
2009-06-18,10.728214263916016
2009-06-19,10.956473350524902
2009-06-22,11.157878875732422
2009-06-23,11.359282493591309
2009-06-24,11.627823829650879
2009-06-25,12.44687557220459
2009-06-26,12.581143379211426
2009-06-29,12.500581741333008
2009-06-30,11.976924896240234
2009-07-01,11.587545394897461
2009-07-02,12.02740478515625
2009-07-03,11.972420692443848
2009-07-06,11.477577209472656
2009-07-07,11.312631607055664
2009-07-08,10.996480941772461
2009-07-09,10.996480941772461
2009-07-10,11.13393783569336
2009-07-13,10.267965316772461
2009-07-14,10.804044723510742
2009-07-15,11.257649421691895
2009-07-16,11.367613792419434
2009-07-17,11.422597885131836
2009-07-20,11.766237258911133
2009-07-21,11.724997520446777
2009-07-22,11.807474136352539
2009-07-23,11.848709106445312
2009-07-24,11.931182861328125
2009-07-27,12.288568496704102
2009-07-28,12.577227592468262
2009-07-29,12.082385063171387
2009-07-30,12.02740478515625
2009-07-31,11.958677291870117
2009-08-03,12.178603172302246
2009-08-04,12.261075973510742
2009-08-05,13.484437942504883
2009-08-06,12.948357582092285
2009-08-07,12.41227912902832
2009-08-10,11.999914169311523
2009-08-11,12.054893493652344
2009-08-12,12.439773559570312
2009-08-13,13.08581256866455
2009-08-14,13.195777893066406
2009-08-17,12.728428840637207
2009-08-18,12.893376350402832
2009-08-19,12.714683532714844
2009-08-20,12.81090259552002
2009-08-21,12.673445701599121
2009-08-24,13.16828727722168
2009-08-25,13.55316162109375
2009-08-26,14.006770133972168
2009-08-27,14.199206352233887
2009-08-28,14.474122047424316
2009-08-31,14.075498580932617
2009-09-01,13.456947326660156
2009-09-02,13.511929512023926
2009-09-03,13.731857299804688
2009-09-04,13.58065414428711
2009-09-07,14.061753273010254
2009-09-08,14.267937660217285
2009-09-09,13.95178508758545
2009-09-10,13.924295425415039
2009-09-11,13.621893882751465
2009-09-14,13.525671005249023
2009-09-15,13.731857299804688
2009-09-16,13.74560260772705
2009-09-17,13.77309513092041
2009-09-18,13.74560260772705
2009-09-22,14.144227981567383
2009-09-23,13.883058547973633
2009-09-24,13.95178508758545
2009-09-25,15.010200500488281
2009-09-29,15.17514705657959
2009-09-30,14.858996391296387
2009-10-01,14.52910327911377
2009-10-05,13.965530395507812
2009-10-06,14.048006057739258
2009-10-07,14.281683921813965
2009-10-08,14.020515441894531
2009-10-09,13.965530395507812
2009-10-12,14.102992057800293
2009-10-13,14.144227981567383
2009-10-14,14.322919845581055
2009-10-15,14.281683921813965
2009-10-16,14.226700782775879
2009-10-20,14.364154815673828
2009-10-21,14.391646385192871
2009-10-22,14.322919845581055
2009-10-23,14.762774467468262
2009-10-26,14.240443229675293
2009-10-27,13.484437942504883
2009-10-28,13.346981048583984
2009-10-29,13.621893882751465
2009-10-30,13.11330509185791
2009-11-03,12.74217414855957
2009-11-04,13.182032585144043
2009-11-05,13.237018585205078
2009-11-06,13.346981048583984
2009-11-09,13.663129806518555
2009-11-10,13.594402313232422
2009-11-11,13.731857299804688
2009-11-12,13.456947326660156
2009-11-13,13.74560260772705
2009-11-16,13.71811294555664
2009-11-17,13.704363822937012
2009-11-18,13.759349822998047
2009-11-19,13.635638236999512
2009-11-20,13.594402313232422
2009-11-23,13.77309513092041
2009-11-24,13.82807445526123
2009-11-25,13.663129806518555
2009-11-26,13.566908836364746
2009-11-27,13.346981048583984
2009-11-30,13.608146667480469
2009-12-01,13.993025779724121
2009-12-02,13.910551071166992
2009-12-03,13.869312286376953
2009-12-04,15.381328582763672
2009-12-07,15.271366119384766
2009-12-08,15.381328582763672
2009-12-09,15.230125427246094
2009-12-10,16.151086807250977
2009-12-11,15.518786430358887
2009-12-14,15.669991493225098
2009-12-15,15.230125427246094
2009-12-16,14.900235176086426
2009-12-17,15.340094566345215
2009-12-18,16.343524932861328
2009-12-21,15.711223602294922
2009-12-22,15.683735847473145
2009-12-23,16.164827346801758
2009-12-24,16.480979919433594
2009-12-29,17.044551849365234
2009-12-30,16.82461929321289
2009-12-31,16.632177352905273
2010-01-04,16.769636154174805
2010-01-05,16.425994873046875
2010-01-06,16.49472427368164
2010-01-07,16.7283992767334
2010-01-08,16.60468864440918
2010-01-11,17.63560676574707
2010-01-12,17.09952735900879
2010-01-13,17.017059326171875
2010-01-14,17.63560676574707
2010-01-15,17.484407424926758
2010-01-18,18.41911506652832
2010-01-19,17.938011169433594
2010-01-20,17.649349212646484
2010-01-21,17.195751190185547
2010-01-22,17.044551849365234
2010-01-25,16.645925521850586
2010-01-27,16.343524932861328
2010-01-28,16.467233657836914
2010-01-29,16.78338050842285
2010-02-01,18.281652450561523
2010-02-02,17.62186050415039
2010-02-03,17.979249954223633
2010-02-04,17.498151779174805
2010-02-05,17.704336166381836
2010-02-08,18.81772804260254
2010-02-09,18.707767486572266
2010-02-10,18.625295639038086
2010-02-11,18.474090576171875
2010-02-15,18.171688079833984
2010-02-16,18.144195556640625
2010-02-17,18.07546615600586
2010-02-18,18.03423309326172
2010-02-19,17.608118057250977
2010-02-22,17.36069679260254
2010-02-23,17.030803680419922
2010-02-24,17.168258666992188
2010-02-25,17.003311157226562
2010-02-26,17.3194580078125
2010-03-02,18.40536117553711
2010-03-03,18.061723709106445
2010-03-04,17.786808013916016
2010-03-05,18.542821884155273
2010-03-08,18.83147430419922
2010-03-09,18.542821884155273
2010-03-10,18.65278434753418
2010-03-11,18.4328556060791
2010-03-12,18.171688079833984
2010-03-15,17.89677619934082
2010-03-16,18.61154556274414
2010-03-17,18.40536117553711
2010-03-18,18.74900245666504
2010-03-19,19.50501251220703
2010-03-22,19.90363121032715
2010-03-23,20.41222381591797
2010-03-25,21.360671997070312
2010-03-26,20.83833885192871
2010-03-29,19.99985122680664
2010-03-30,20.0960636138916
2010-03-31,19.50501251220703
2010-04-01,20.563425064086914
2010-04-05,21.126991271972656
2010-04-06,20.769603729248047
2010-04-07,20.343490600585938
2010-04-08,20.178543090820312
2010-04-09,20.329748153686523
2010-04-12,20.38473129272461
2010-04-13,20.893312454223633
2010-04-15,20.74211883544922
2010-04-16,21.786781311035156
2010-04-19,22.21289825439453
2010-04-20,22.762718200683594
2010-04-21,23.02388572692871
2010-04-22,22.72148323059082
2010-04-23,24.260995864868164
2010-04-26,23.491233825683594
2010-04-27,22.927671432495117
2010-04-28,23.18883514404297
2010-04-29,24.219757080078125
2010-04-30,24.90703010559082
2010-05-03,25.264419555664062
2010-05-04,25.553075790405273
2010-05-05,25.580564498901367
2010-05-06,24.412199020385742
2010-05-07,22.845195770263672
2010-05-10,23.230073928833008
2010-05-11,23.31254768371582
2010-05-12,22.900178909301758
2010-05-13,22.803951263427734
2010-05-14,21.910486221313477
2010-05-17,21.910486221313477
2010-05-18,22.075437545776367
2010-05-19,21.8005313873291
2010-05-20,21.20946502685547
2010-05-21,21.992961883544922
2010-05-24,21.951725006103516
2010-05-25,20.975791931152344
2010-05-26,21.140737533569336
2010-05-27,21.072010040283203
2010-05-28,21.388153076171875
2010-05-31,21.773033142089844
2010-06-01,21.360671997070312
2010-06-02,21.456886291503906
2010-06-03,21.910486221313477
2010-06-04,21.855512619018555
2010-06-07,21.333175659179688
2010-06-08,21.126991271972656
2010-06-09,20.920808792114258
2010-06-10,21.20946502685547
2010-06-11,21.470630645751953
2010-06-14,21.882993698120117
2010-06-15,22.831449508666992
2010-06-16,23.065120697021484
2010-06-17,23.21632194519043
2010-06-18,22.858936309814453
2010-06-21,23.202577590942383
2010-06-22,23.27130699157715
2010-06-23,25.140708923339844
2010-06-24,25.291912078857422
2010-06-25,25.099472045898438
2010-06-28,25.498096466064453
2010-06-29,25.16819953918457
2010-06-30,25.663036346435547
2010-07-01,25.429367065429688
2010-07-02,25.19569206237793
2010-07-05,26.075401306152344
2010-07-06,26.81768035888672
2010-07-07,26.281587600708008
2010-07-08,26.322832107543945
2010-07-09,26.130395889282227
2010-07-12,26.364065170288086
2010-07-13,27.16130828857422
2010-07-14,26.900144577026367
2010-07-15,27.110628128051758
2010-07-16,27.13869285583496
2010-07-19,26.998371124267578
2010-07-20,27.22289276123047
2010-07-21,27.405317306518555
2010-07-22,29.2996883392334
2010-07-23,28.76645851135254
2010-07-26,28.078866958618164
2010-07-27,29.496145248413086
2010-07-28,28.626129150390625
2010-07-29,28.51387596130371
2010-07-30,27.587730407714844
2010-08-02,27.812253952026367
2010-08-03,28.149032592773438
2010-08-04,27.812253952026367
2010-08-05,27.377248764038086
2010-08-06,27.124662399291992
2010-08-09,27.615795135498047
2010-08-10,29.005008697509766
2010-08-11,28.9909725189209
2010-08-12,29.355819702148438
2010-08-13,29.14533042907715
2010-08-16,28.76645851135254
2010-08-17,28.54193878173828
2010-08-18,28.4156494140625
2010-08-19,29.355819702148438
2010-08-20,31.151975631713867
2010-08-23,32.35875701904297
2010-08-24,31.79746437072754
2010-08-25,31.488746643066406
2010-08-26,30.239864349365234
2010-08-27,29.56630516052246
2010-08-30,29.131305694580078
2010-08-31,29.061132431030273
2010-09-01,29.818883895874023
2010-09-02,29.987274169921875
2010-09-03,30.21179962158203
2010-09-06,30.913415908813477
2010-09-07,30.646799087524414
2010-09-08,30.141633987426758
2010-09-09,30.141633987426758
2010-09-13,30.113569259643555
2010-09-14,29.482107162475586
2010-09-15,29.3137149810791
2010-09-16,29.425981521606445
2010-09-17,29.257591247558594
2010-09-20,30.450345993041992
2010-09-21,29.608400344848633
2010-09-22,30.09953498840332
2010-09-23,30.127607345581055
2010-09-24,30.043415069580078
2010-09-27,29.90308380126953
2010-09-28,29.510175704956055
2010-09-29,28.83662223815918
2010-09-30,28.920814514160156
2010-10-01,29.468082427978516
2010-10-04,28.457740783691406
2010-10-05,28.90678596496582
2010-10-06,29.678569793701172
2010-10-07,29.20146369934082
2010-10-08,30.295991897583008
2010-10-11,30.92745018005371
2010-10-12,32.20439147949219
2010-10-13,34.084739685058594
2010-10-14,33.20069885253906
2010-10-15,32.02198028564453
2010-10-18,32.471004486083984
2010-10-19,33.144569396972656
2010-10-20,32.55521774291992
2010-10-21,32.89198303222656
2010-10-22,33.453285217285156
2010-10-25,35.558143615722656
2010-10-26,34.25313186645508
2010-10-27,35.852821350097656
2010-10-28,35.137168884277344
2010-10-29,34.196998596191406
2010-11-01,35.96508026123047
2010-11-02,36.42817306518555
2010-11-03,36.708805084228516
2010-11-04,35.880897521972656
2010-11-08,36.484283447265625
2010-11-09,36.568485260009766
2010-11-10,39.753849029541016
2010-11-11,38.757537841796875
2010-11-12,37.480587005615234
2010-11-15,37.985755920410156
2010-11-16,37.017513275146484
2010-11-18,35.90895080566406
2010-11-19,35.431854248046875
2010-11-22,35.824771881103516
2010-11-23,35.37572479248047
2010-11-24,34.78635787963867
2010-11-25,34.0987663269043
2010-11-26,33.25682830810547
2010-11-29,32.442955017089844
2010-11-30,34.05667495727539
2010-12-01,35.22136688232422
2010-12-02,38.083980560302734
2010-12-03,36.77896499633789
2010-12-06,36.638641357421875
2010-12-07,35.684444427490234
2010-12-08,34.50572204589844
2010-12-09,32.38681411743164
2010-12-10,33.73392868041992
2010-12-13,34.84249496459961
2010-12-14,37.07365036010742
2010-12-15,35.20733642578125
2010-12-16,35.23540496826172
2010-12-20,36.400089263916016
2010-12-21,38.294471740722656
2010-12-22,38.0699462890625
2010-12-23,39.374969482421875
2010-12-24,39.192535400390625
2010-12-27,39.01012420654297
2010-12-28,38.99609375
2010-12-29,38.96802520751953
2010-12-30,40.02045440673828
2010-12-31,39.585445404052734
2011-01-03,40.7782096862793
2011-01-04,39.248680114746094
2011-01-05,38.68737030029297
2011-01-06,37.87349319458008
2011-01-07,36.792999267578125
2011-01-10,36.02121353149414
2011-01-11,37.42446517944336
2011-01-12,38.82770538330078
2011-01-13,37.831398010253906
2011-01-14,37.63493728637695
2011-01-17,36.49831771850586
2011-01-18,36.582515716552734
2011-01-19,36.273799896240234
2011-01-20,35.6563720703125
2011-01-21,36.20363998413086
2011-01-24,35.81072998046875
2011-01-25,34.99685287475586
2011-01-27,35.10910415649414
2011-01-28,33.312957763671875
2011-01-31,32.89198303222656
2011-02-01,32.35875701904297
2011-02-02,31.951824188232422
2011-02-03,33.57958221435547
2011-02-04,32.37278747558594
2011-02-07,31.909727096557617
2011-02-08,29.678569793701172
2011-02-09,28.00870704650879
2011-02-10,27.082565307617188
2011-02-11,29.14533042907715
2011-02-14,31.474714279174805
2011-02-15,31.34841537475586
2011-02-16,31.979883193969727
2011-02-17,33.326995849609375
2011-02-18,32.58327865600586
2011-02-21,32.40085220336914
2011-02-22,32.232460021972656
2011-02-23,32.76569366455078
2011-02-24,30.787124633789062
2011-02-25,30.92745018005371
2011-02-28,31.123903274536133
2011-03-01,37.35429763793945
2011-03-03,39.01012420654297
2011-03-04,38.91189193725586
2011-03-07,37.56478500366211
2011-03-08,38.23833465576172
2011-03-09,39.220603942871094
2011-03-10,37.88752365112305
2011-03-11,37.19994354248047
2011-03-14,37.19994354248047
2011-03-15,35.96508026123047
2011-03-16,38.799644470214844
2011-03-17,38.378665924072266
2011-03-18,37.46656036376953
2011-03-21,37.90156936645508
2011-03-22,37.07365036010742
2011-03-23,37.53672409057617
2011-03-24,37.64897155761719
2011-03-25,37.43849182128906
2011-03-28,37.508644104003906
2011-03-29,36.891231536865234
2011-03-30,37.07365036010742
2011-03-31,37.12976837158203
2011-04-01,37.88752365112305
2011-04-04,39.2907600402832
2011-04-05,38.3646354675293
2011-04-06,37.4946174621582
2011-04-07,42.125328063964844
2011-04-08,42.26564407348633
2011-04-11,42.672584533691406
2011-04-13,43.739051818847656
2011-04-15,44.20212173461914
2011-04-18,42.307743072509766
2011-04-19,42.293701171875
2011-04-20,45.67552185058594
2011-04-21,45.942134857177734
2011-04-25,45.24052429199219
2011-04-26,45.408912658691406
2011-04-27,45.0440559387207
2011-04-28,44.805511474609375
2011-04-29,44.69325256347656
2011-05-02,43.275978088378906
2011-05-03,42.546295166015625
2011-05-04,42.321781158447266
2011-05-05,43.823246002197266
2011-05-06,43.149688720703125
2011-05-09,42.967281341552734
2011-05-10,43.2198486328125
2011-05-11,43.20581817626953
2011-05-12,43.45840835571289
2011-05-13,44.440670013427734
2011-05-16,44.67921829223633
2011-05-17,43.823246002197266
2011-05-18,43.69695281982422
2011-05-19,45.9140739440918
2011-05-20,44.08986282348633
2011-05-23,40.609825134277344
2011-05-24,35.3897590637207
2011-05-25,35.34766387939453
2011-05-26,35.9931526184082
2011-05-27,35.26347351074219
2011-05-30,34.042640686035156
2011-05-31,34.82846450805664
2011-06-01,34.744266510009766
2011-06-02,34.46363067626953
2011-06-03,34.7723274230957
2011-06-06,34.26716613769531
2011-06-07,33.509422302246094
2011-06-08,33.22876739501953
2011-06-09,33.67780685424805
2011-06-10,35.22136688232422
2011-06-13,36.9193000793457
2011-06-14,36.06332015991211
2011-06-15,37.396392822265625
2011-06-16,36.07734680175781
2011-06-17,35.76862335205078
2011-06-20,35.10910415649414
2011-06-21,35.17927169799805
2011-06-22,35.16523361206055
2011-06-23,35.333641052246094
2011-06-24,35.90895080566406
2011-06-27,36.329933166503906
2011-06-28,36.217674255371094
2011-06-29,36.049278259277344
2011-06-30,37.480587005615234
2011-07-01,37.340267181396484
2011-07-04,37.42446517944336
2011-07-05,38.21027755737305
2011-07-06,38.85575866699219
2011-07-07,38.3505973815918
2011-07-08,37.22800064086914
2011-07-11,39.066246032714844
2011-07-12,39.01012420654297
2011-07-13,39.45915985107422
2011-07-14,39.37375259399414
2011-07-15,40.014320373535156
2011-07-18,40.93959426879883
2011-07-19,41.22428894042969
2011-07-20,39.80079650878906
2011-07-21,40.37019729614258
2011-07-22,41.039241790771484
2011-07-25,41.1673583984375
2011-07-26,40.156673431396484
2011-07-27,41.82215118408203
2011-07-28,41.33816909790039
2011-07-29,40.313255310058594
2011-08-01,41.42356872558594
2011-08-02,40.39866638183594
2011-08-03,40.17091751098633
2011-08-04,40.29901123046875
2011-08-05,38.61928939819336
2011-08-08,38.576602935791016
2011-08-09,38.50542068481445
2011-08-10,43.017887115478516
2011-08-11,42.10685348510742
2011-08-12,42.16379928588867
2011-08-16,42.263431549072266
2011-08-17,42.021446228027344
2011-08-18,41.30970001220703
2011-08-19,39.985843658447266
2011-08-22,41.69404220581055
2011-08-23,42.46271514892578
2011-08-24,41.76521682739258
2011-08-25,41.395103454589844
2011-08-26,40.156673431396484
2011-08-29,38.328651428222656
2011-08-30,37.45439147949219
2011-09-02,33.818233489990234
2011-09-05,32.785011291503906
2011-09-06,34.03679275512695
2011-09-07,34.533538818359375
2011-09-08,34.573280334472656
2011-09-09,34.97067642211914
2011-09-12,33.95731735229492
2011-09-13,33.26188278198242
2011-09-14,32.824745178222656
2011-09-15,32.288272857666016
2011-09-16,32.089569091796875
2011-09-19,32.01008987426758
2011-09-20,32.56644821166992
2011-09-21,32.089569091796875
2011-09-22,30.67881965637207
2011-09-23,29.84429359436035
2011-09-26,28.234851837158203
2011-09-27,28.98990249633789
2011-09-28,28.612375259399414
2011-09-29,27.936805725097656
2011-09-30,27.63875961303711
2011-10-03,26.565786361694336
2011-10-04,26.90358543395996
2011-10-05,26.983051300048828
2011-10-07,27.102277755737305
2011-10-10,28.056015014648438
2011-10-11,27.996414184570312
2011-10-12,28.234851837158203
2011-10-13,28.552759170532227
2011-10-14,29.009767532348633
2011-10-17,31.851131439208984
2011-10-18,30.698694229125977
2011-10-19,31.076217651367188
2011-10-20,31.533214569091797
2011-10-21,30.71856689453125
2011-10-24,29.566123962402344
2011-10-25,29.34754753112793
2011-10-28,30.460254669189453
2011-10-31,29.645597457885742
2011-11-01,29.52638053894043
2011-11-02,29.764816284179688
2011-11-03,30.023117065429688
2011-11-04,30.599340438842773
2011-11-08,30.44038200378418
2011-11-09,29.84429359436035
2011-11-11,29.248197555541992
2011-11-14,28.612375259399414
2011-11-15,27.599010467529297
2011-11-16,27.30097007751465
2011-11-17,27.678489685058594
2011-11-18,28.493154525756836
2011-11-21,27.499664306640625
2011-11-22,27.042665481567383
2011-11-23,27.380451202392578
2011-11-24,27.81757926940918
2011-11-25,27.181747436523438
2011-11-28,27.34070587158203
2011-11-29,27.698366165161133
2011-11-30,27.857322692871094
2011-12-01,28.592500686645508
2011-12-02,28.8309326171875
2011-12-05,28.612375259399414
2011-12-07,28.493154525756836
2011-12-08,28.294452667236328
2011-12-09,27.678489685058594
2011-12-12,26.96318244934082
2011-12-13,27.062536239624023
2011-12-14,26.983051300048828
2011-12-15,27.12214469909668
2011-12-16,27.062536239624023
2011-12-19,27.0029239654541
2011-12-20,26.32735824584961
2011-12-21,25.35373878479004
2011-12-22,26.1286563873291
2011-12-23,26.40683364868164
2011-12-26,25.61204719543457
2011-12-27,25.61204719543457
2011-12-28,25.55243682861328
2011-12-29,25.572301864624023
2011-12-30,25.294132232666016
2012-01-02,25.592180252075195
2012-01-03,25.6915283203125
2012-01-04,25.453086853027344
2012-01-05,25.83061408996582
2012-01-06,25.592180252075195
2012-01-09,26.18826675415039
2012-01-10,27.936805725097656
2012-01-11,29.824424743652344
2012-01-12,29.14885139465332
2012-01-13,29.52638053894043
2012-01-16,29.446895599365234
2012-01-17,29.40715980529785
2012-01-18,29.14885139465332
2012-01-19,29.248197555541992
2012-01-20,28.771331787109375
2012-01-23,28.592500686645508
2012-01-24,28.294452667236328
2012-01-25,28.09575653076172
2012-01-27,27.400320053100586
2012-01-30,27.02279281616211
2012-01-31,27.062536239624023
2012-02-01,26.506179809570312
2012-02-02,26.347227096557617
2012-02-03,26.069046020507812
2012-02-06,25.49282455444336
2012-02-07,26.625404357910156
2012-02-08,28.07588768005371
2012-02-09,28.056015014648438
2012-02-10,28.87067222595215
2012-02-13,28.393815994262695
2012-02-14,28.45340919494629
2012-02-15,28.69185447692871
2012-02-16,28.393815994262695
2012-02-17,29.18859100341797
2012-02-21,28.850807189941406
2012-02-22,27.857322692871094
2012-02-23,27.65863037109375
2012-02-24,27.102277755737305
2012-02-27,27.400320053100586
2012-02-28,27.5195369720459
2012-02-29,27.34070587158203
2012-03-01,27.28110122680664
2012-03-02,27.28110122680664
2012-03-05,26.764488220214844
2012-03-06,26.883708953857422
2012-03-07,27.420188903808594
2012-03-09,26.843969345092773
2012-03-12,26.923446655273438
2012-03-13,26.685009002685547
2012-03-14,26.545921325683594
2012-03-15,26.18826675415039
2012-03-16,26.10878562927246
2012-03-19,25.63191795349121
2012-03-20,25.55243682861328
2012-03-21,25.651782989501953
2012-03-22,25.35373878479004
2012-03-23,25.075563430786133
2012-03-26,24.300649642944336
2012-03-27,23.5853328704834
2012-03-28,23.46611785888672
2012-03-29,23.90325164794922
2012-03-30,24.24103546142578
2012-04-02,25.453086853027344
2012-04-03,26.28761863708496
2012-04-04,25.870349884033203
2012-04-09,25.870349884033203
2012-04-10,26.426706314086914
2012-04-11,26.148530960083008
2012-04-12,26.069046020507812
2012-04-13,27.83745002746582
2012-04-16,28.711721420288086
2012-04-17,29.645597457885742
2012-04-18,28.890546798706055
2012-04-19,28.155366897583008
2012-04-20,27.34070587158203
2012-04-23,26.704872131347656
2012-04-24,27.042665481567383
2012-04-25,26.804229736328125
2012-04-26,26.983051300048828
2012-04-27,26.983051300048828
2012-04-30,27.02279281616211
2012-05-02,27.261228561401367
2012-05-03,27.062536239624023
2012-05-04,26.66514015197754
2012-05-07,26.923446655273438
2012-05-08,26.704872131347656
2012-05-09,25.5126953125
2012-05-10,25.6915283203125
2012-05-11,25.453086853027344
2012-05-14,25.15504264831543
2012-05-15,25.194786071777344
2012-05-16,25.015954971313477
2012-05-17,24.837129592895508
2012-05-18,24.77751922607422
2012-05-21,25.53256607055664
2012-05-22,25.651782989501953
2012-05-23,25.135173797607422
2012-05-24,25.055694580078125
2012-05-25,24.698040008544922
2012-05-28,24.598691940307617
2012-05-29,24.042339324951172
2012-05-30,24.26090431213379
2012-05-31,24.618560791015625
2012-06-01,24.221162796020508
2012-06-04,24.380126953125
2012-06-05,24.360252380371094
2012-06-06,24.57881736755371
2012-06-07,25.135173797607422
2012-06-08,24.936473846435547
2012-06-11,24.876867294311523
2012-06-12,24.817256927490234
2012-06-13,24.837129592895508
2012-06-14,24.678173065185547
2012-06-15,24.519214630126953
2012-06-18,24.57881736755371
2012-06-19,24.439733505249023
2012-06-20,24.280776977539062
2012-06-21,24.519214630126953
2012-06-22,24.320518493652344
2012-06-25,24.479473114013672
2012-06-26,24.75765037536621
2012-06-27,24.638431549072266
2012-06-28,25.31399917602539
2012-06-29,25.23452377319336
2012-07-02,25.37360954284668
2012-07-03,25.929960250854492
2012-07-04,26.228004455566406
2012-07-05,26.804229736328125
2012-07-06,26.08892059326172
2012-07-09,25.17491340637207
2012-07-10,25.35373878479004
2012-07-11,25.592180252075195
2012-07-12,26.526050567626953
2012-07-13,28.09575653076172
2012-07-16,28.433544158935547
2012-07-17,27.678489685058594
2012-07-18,27.91693115234375
2012-07-19,29.045703887939453
2012-07-20,29.045703887939453
2012-07-23,28.32006072998047
2012-07-24,28.622411727905273
2012-07-25,28.078184127807617
2012-07-26,28.017717361450195
2012-07-27,27.312232971191406
2012-07-30,27.594423294067383
2012-07-31,27.73552131652832
2012-08-01,28.944921493530273
2012-08-02,29.751190185546875
2012-08-03,29.549625396728516
2012-08-06,28.864286422729492
2012-08-07,27.91693115234375
2012-08-08,27.030038833618164
2012-08-09,26.586589813232422
2012-08-10,26.405179977416992
2012-08-13,26.76800537109375
2012-08-14,26.6873722076416
2012-08-16,26.949413299560547
2012-08-17,26.667224884033203
2012-08-21,26.80831527709961
2012-08-22,26.80831527709961
2012-08-23,27.87662124633789
2012-08-24,27.312232971191406
2012-08-27,27.030038833618164
2012-08-28,27.050195693969727
2012-08-29,26.626909255981445
2012-08-30,26.707529067993164
2012-08-31,26.747846603393555
2012-09-03,26.80831527709961
2012-09-04,27.4936466217041
2012-09-05,27.25176239013672
2012-09-06,26.485807418823242
2012-09-07,26.586589813232422
2012-09-10,27.050195693969727
2012-09-11,28.158809661865234
2012-09-12,28.40069007873535
2012-09-13,27.695213317871094
2012-09-14,27.77583122253418
2012-09-17,27.554115295410156
2012-09-18,27.614580154418945
2012-09-20,27.25176239013672
2012-09-21,27.715370178222656
2012-09-24,28.924758911132812
2012-09-25,30.940425872802734
2012-09-26,30.819488525390625
2012-09-27,30.658233642578125
2012-09-28,29.831811904907227
2012-10-01,30.53729248046875
2012-10-03,30.940425872802734
2012-10-04,30.658233642578125
2012-10-05,30.2954158782959
2012-10-08,30.6179256439209
2012-10-09,30.577600479125977
2012-10-10,30.67839241027832
2012-10-11,30.255102157592773
2012-10-12,28.219282150268555
2012-10-15,28.199121475219727
2012-10-16,27.896770477294922
2012-10-17,28.199121475219727
2012-10-18,27.977399826049805
2012-10-19,27.715370178222656
2012-10-22,28.078184127807617
2012-10-23,27.675048828125
2012-10-25,27.91693115234375
2012-10-29,27.695213317871094
2012-10-30,27.634742736816406
2012-10-31,27.715370178222656
2012-11-01,28.90460968017578
2012-11-02,29.368206024169922
2012-11-05,29.831811904907227
2012-11-06,29.448843002319336
2012-11-07,29.8116512298584
2012-11-08,31.162155151367188
2012-11-09,31.182296752929688
2012-11-12,33.86314010620117
2012-11-15,35.21363067626953
2012-11-16,34.77018356323242
2012-11-19,32.85530090332031
2012-11-20,32.35137939453125
2012-11-21,32.45217514038086
2012-11-22,32.51264572143555
2012-11-23,32.39170837402344
2012-11-26,31.807161331176758
2012-11-27,32.39170837402344
2012-11-29,34.12517166137695
2012-11-30,34.12517166137695
2012-12-03,34.306583404541016
2012-12-04,35.13301086425781
2012-12-05,34.68955612182617
2012-12-06,34.427528381347656
2012-12-07,35.173309326171875
2012-12-10,35.75786209106445
2012-12-11,34.91128158569336
2012-12-12,34.7298698425293
2012-12-13,34.12517166137695
2012-12-14,34.447669982910156
2012-12-17,34.40736770629883
2012-12-18,34.36705780029297
2012-12-19,34.36705780029297
2012-12-20,35.233787536621094
2012-12-21,35.87880325317383
2012-12-24,37.511497497558594
2012-12-26,38.07586669921875
2012-12-27,37.43086242675781
2012-12-28,37.0277214050293
2012-12-31,37.773521423339844
2013-01-01,37.83399200439453
2013-01-02,37.733211517333984
2013-01-03,37.04788589477539
2013-01-04,36.90678787231445
2013-01-07,37.41069793701172
2013-01-08,36.745540618896484
2013-01-09,36.28193664550781
2013-01-10,35.737701416015625
2013-01-11,35.09269332885742
2013-01-14,36.382713317871094
2013-01-15,36.402870178222656
2013-01-16,35.596622467041016
2013-01-17,35.253944396972656
2013-01-18,35.09269332885742
2013-01-21,34.8709716796875
2013-01-22,34.508148193359375
2013-01-23,34.77018356323242
2013-01-24,34.0445442199707
2013-01-25,34.68955612182617
2013-01-28,34.12517166137695
2013-01-29,34.16549301147461
2013-01-30,34.084861755371094
2013-01-31,33.96392059326172
2013-02-01,34.508148193359375
2013-02-04,35.233787536621094
2013-02-05,34.95159912109375
2013-02-06,35.51598358154297
2013-02-07,34.8911247253418
2013-02-08,33.96392059326172
2013-02-11,33.19797134399414
2013-02-12,33.13750076293945
2013-02-13,33.016563415527344
2013-02-14,33.016563415527344
2013-02-15,32.49248504638672
2013-02-18,32.85530090332031
2013-02-19,33.05686950683594
2013-02-20,33.68172836303711
2013-02-21,32.915771484375
2013-02-22,33.25844192504883
2013-02-25,32.77469253540039
2013-02-26,32.835147857666016
2013-02-27,33.3995361328125
2013-02-28,32.915771484375
2013-03-01,32.77469253540039
2013-03-04,32.089351654052734
2013-03-05,32.29092025756836
2013-03-06,32.77469253540039
2013-03-07,32.835147857666016
2013-03-08,33.50031661987305
2013-03-11,32.8956184387207
2013-03-12,32.996402740478516
2013-03-13,32.8956184387207
2013-03-14,33.35922622680664
2013-03-15,32.87546920776367
2013-03-18,32.75452423095703
2013-03-19,32.53279113769531
2013-03-20,29.993064880371094
2013-03-21,30.19462776184082
2013-03-22,29.87213134765625
2013-03-25,29.186803817749023
2013-03-26,29.025545120239258
2013-03-28,29.892284393310547
2013-04-01,30.59777069091797
2013-04-02,33.21812438964844
2013-04-03,33.0971794128418
2013-04-04,32.8956184387207
2013-04-05,32.8956184387207
2013-04-08,32.85530090332031
2013-04-09,32.85530090332031
2013-04-10,32.996402740478516
2013-04-11,32.87546920776367
2013-04-12,32.29092025756836
2013-04-15,32.02888870239258
2013-04-16,32.169979095458984
2013-04-17,32.2304573059082
2013-04-18,32.25060272216797
2013-04-22,32.2304573059082
2013-04-23,32.25060272216797
2013-04-25,32.169979095458984
2013-04-26,31.625747680664062
2013-04-29,32.06920623779297
2013-04-30,31.30324935913086
2013-05-02,31.182296752929688
2013-05-03,31.464500427246094
2013-05-06,31.24277114868164
2013-05-07,33.298744201660156
2013-05-08,33.62126541137695
2013-05-09,33.883296966552734
2013-05-10,33.74219512939453
2013-05-13,33.238285064697266
2013-05-14,33.68172836303711
2013-05-15,34.064701080322266
2013-05-16,33.33906173706055
2013-05-17,33.601097106933594
2013-05-20,34.32673645019531
2013-05-21,33.701881408691406
2013-05-22,33.64141845703125
2013-05-23,33.298744201660156
2013-05-24,33.35922622680664
2013-05-27,34.2259521484375
2013-05-28,33.35922622680664
2013-05-29,33.78251266479492
2013-05-30,33.41969299316406
2013-05-31,33.35922622680664
2013-06-03,32.29092025756836
2013-06-04,32.97624969482422
2013-06-05,31.907947540283203
2013-06-06,31.766849517822266
2013-06-07,31.30324935913086
2013-06-10,31.121837615966797
2013-06-11,30.920265197753906
2013-06-12,31.504804611206055
2013-06-13,31.52497100830078
2013-06-14,31.30324935913086
2013-06-17,31.766849517822266
2013-06-18,31.565284729003906
2013-06-19,31.84748649597168
2013-06-20,31.34356689453125
2013-06-21,31.464500427246094
2013-06-24,29.85196304321289
2013-06-25,30.27526092529297
2013-06-26,29.85196304321289
2013-06-27,30.114004135131836
2013-06-28,30.75901222229004
2013-07-01,30.67839241027832
2013-07-02,30.69854164123535
2013-07-03,29.972909927368164
2013-07-04,30.15432357788086
2013-07-05,29.912439346313477
2013-07-08,29.932594299316406
2013-07-09,29.892284393310547
2013-07-10,32.331233978271484
2013-07-11,33.13750076293945
2013-07-12,32.35137939453125
2013-07-15,32.04903793334961
2013-07-16,31.504804611206055
2013-07-17,30.234943389892578
2013-07-18,31.726530075073242
2013-07-19,30.980735778808594
2013-07-22,31.66607093811035
2013-07-23,32.10951232910156
2013-07-24,31.162155151367188
2013-07-25,31.363719940185547
2013-07-26,30.980735778808594
2013-07-29,32.169979095458984
2013-07-30,31.06136703491211
2013-07-31,32.02888870239258
2013-08-01,31.358558654785156
2013-08-02,31.547088623046875
2013-08-05,31.526140213012695
2013-08-06,31.421403884887695
2013-08-07,32.447837829589844
2013-08-08,32.447837829589844
2013-08-12,33.51616287231445
2013-08-13,35.12912368774414
2013-08-14,34.605438232421875
2013-08-16,34.207435607910156
2013-08-19,33.09720993041992
2013-08-20,33.68374252319336
2013-08-21,33.41141891479492
2013-08-22,34.24932861328125
2013-08-23,34.22838592529297
2013-08-26,34.291221618652344
2013-08-27,34.33312225341797
2013-08-28,34.584495544433594
2013-08-29,35.08723449707031
2013-08-30,34.73113250732422
2013-09-02,34.33312225341797
2013-09-03,34.186492919921875
2013-09-04,34.898704528808594
2013-09-05,35.066280364990234
2013-09-06,35.610923767089844
2013-09-10,35.212928771972656
2013-09-11,35.401451110839844
2013-09-12,35.19197463989258
2013-09-13,35.527137756347656
2013-09-16,35.02439498901367
2013-09-17,34.7520637512207
2013-09-18,34.7520637512207
2013-09-19,35.67376708984375
2013-09-20,34.961551666259766
2013-09-23,35.29671096801758
2013-09-24,36.448822021484375
2013-09-25,36.42788314819336
2013-09-26,36.637359619140625
2013-09-27,35.90419387817383
2013-09-30,35.56901931762695
2013-10-01,36.07176971435547
2013-10-03,36.700199127197266
2013-10-04,37.0772590637207
2013-10-07,37.66379165649414
2013-10-08,37.412418365478516
2013-10-09,37.705684661865234
2013-10-10,37.43336486816406
2013-10-11,38.145591735839844
2013-10-14,39.29771423339844
2013-10-15,38.81589889526367
2013-10-17,39.42339324951172
2013-10-18,39.31864929199219
2013-10-21,39.57001495361328
2013-10-22,40.868778228759766
2013-10-23,39.63286590576172
2013-10-24,39.025390625
2013-10-25,38.983497619628906
2013-10-28,40.17750930786133
2013-10-29,40.805931091308594
2013-10-30,40.0727653503418
2013-10-31,42.52363586425781
2013-11-01,42.06278610229492
2013-11-05,42.58646774291992
2013-11-06,42.41890335083008
2013-11-07,42.90068817138672
2013-11-08,43.466278076171875
2013-11-11,45.14208221435547
2013-11-12,47.06925964355469
2013-11-13,46.0428352355957
2013-11-14,45.14208221435547
2013-11-18,45.16303253173828
2013-11-19,45.979984283447266
2013-11-20,46.41988754272461
2013-11-21,46.16850662231445
2013-11-22,47.8233757019043
2013-11-25,48.53559875488281
2013-11-26,47.55105972290039
2013-11-27,47.5091667175293
2013-11-28,47.76053237915039
2013-11-29,49.143070220947266
2013-12-02,49.58296585083008
2013-12-03,48.17948532104492
2013-12-04,47.17399597167969
2013-12-05,47.00642013549805
2013-12-06,47.153053283691406
2013-12-09,46.377994537353516
2013-12-10,45.68672561645508
2013-12-11,46.50366973876953
2013-12-12,47.76053237915039
2013-12-13,46.692203521728516
2013-12-16,47.67673873901367
2013-12-17,48.55654525756836
2013-12-18,50.9864616394043
2013-12-19,51.510154724121094
2013-12-20,53.54207229614258
2013-12-23,54.77798080444336
2013-12-24,55.469242095947266
2013-12-26,55.427364349365234
2013-12-27,53.751564025878906
2013-12-30,53.961029052734375
2013-12-31,54.170501708984375
2014-01-01,55.44831466674805
2014-01-02,53.814395904541016
2014-01-03,57.58494567871094
2014-01-06,56.78895950317383
2014-01-07,56.055789947509766
2014-01-08,57.14506149291992
2014-01-09,56.097679138183594
2014-01-10,54.40093231201172
2014-01-13,55.2178955078125
2014-01-14,55.301673889160156
2014-01-15,55.364501953125
2014-01-16,55.17597579956055
2014-01-17,52.78795623779297
2014-01-20,53.185970306396484
2014-01-21,54.04481887817383
2014-01-22,54.86177062988281
2014-01-23,55.00840759277344
2014-01-24,53.1021728515625
2014-01-27,51.216888427734375
2014-01-28,51.740577697753906
2014-01-29,51.2587776184082
2014-01-30,49.26877212524414
2014-01-31,51.028358459472656
2014-02-03,53.31166458129883
2014-02-04,53.416385650634766
2014-02-05,53.144065856933594
2014-02-06,53.62586212158203
2014-02-07,54.71513748168945
2014-02-10,54.065765380859375
2014-02-11,54.44281768798828
2014-02-12,55.44831466674805
2014-02-13,55.15503692626953
2014-02-14,54.69419479370117
2014-02-17,53.08121871948242
2014-02-18,52.95553970336914
2014-02-19,53.33259582519531
2014-02-20,53.898170471191406
2014-02-21,55.00840759277344
2014-02-24,54.547550201416016
2014-02-25,54.08671188354492
2014-02-26,53.68870162963867
2014-02-28,54.882720947265625
2014-03-03,54.29619216918945
2014-03-04,54.128604888916016
2014-03-05,53.85628890991211
2014-03-06,57.58494567871094
2014-03-07,56.495689392089844
2014-03-10,55.17597579956055
2014-03-11,54.526611328125
2014-03-12,55.092193603515625
2014-03-13,54.48471450805664
2014-03-14,54.421875
2014-03-18,53.62586212158203
2014-03-19,52.997432708740234
2014-03-20,52.473751068115234
2014-03-21,52.66227722167969
2014-03-24,52.18048095703125
2014-03-25,52.348052978515625
2014-03-26,51.887210845947266
2014-03-27,52.138572692871094
2014-03-28,52.2642707824707
2014-03-31,53.66775894165039
2014-04-01,54.81987762451172
2014-04-02,55.38545227050781
2014-04-03,55.2178955078125
2014-04-04,56.705169677734375
2014-04-07,57.45927429199219
2014-04-09,59.19792938232422
2014-04-10,56.97747802734375
2014-04-11,58.318111419677734
2014-04-15,58.59043884277344
2014-04-16,57.899173736572266
2014-04-17,58.2762336730957
2014-04-21,62.193424224853516
2014-04-22,64.41388702392578
2014-04-23,65.88019561767578
2014-04-24,65.88019561767578
2014-04-25,66.00590515136719
2014-04-28,67.51412200927734
2014-04-29,68.26824951171875
2014-04-30,64.2881851196289
2014-05-02,64.09966278076172
2014-05-05,61.795433044433594
2014-05-06,61.66974639892578
2014-05-07,64.7699966430664
2014-05-08,64.58145141601562
2014-05-09,62.9056510925293
2014-05-12,61.3345832824707
2014-05-13,61.125091552734375
2014-05-14,62.10963439941406
2014-05-15,62.23534393310547
2014-05-16,61.02037048339844
2014-05-19,58.3809814453125
2014-05-20,61.690677642822266
2014-05-21,63.743560791015625
2014-05-22,63.869224548339844
2014-05-23,64.9585189819336
2014-05-26,65.67071533203125
2014-05-27,61.313636779785156
2014-05-28,60.538578033447266
2014-05-29,58.21337890625
2014-05-30,60.64330291748047
2014-06-02,61.25078201293945
2014-06-03,61.146034240722656
2014-06-04,61.62786102294922
2014-06-05,61.397430419921875
2014-06-06,60.0148811340332
2014-06-09,62.10963439941406
2014-06-10,63.0732307434082
2014-06-11,62.5914306640625
2014-06-12,63.764503479003906
2014-06-13,61.292686462402344
2014-06-16,61.83733367919922
2014-06-17,61.41838455200195
2014-06-18,60.140560150146484
2014-06-19,59.281715393066406
2014-06-20,60.30815505981445
2014-06-23,60.83183670043945
2014-06-24,62.80089569091797
2014-06-25,63.0103874206543
2014-06-26,63.513126373291016
2014-06-27,63.848304748535156
2014-06-30,65.1889419555664
2014-07-01,67.51412200927734
2014-07-02,69.8812026977539
2014-07-03,69.0851821899414
2014-07-04,67.5979232788086
2014-07-07,68.12162780761719
2014-07-08,65.77547454833984
2014-07-09,65.27271270751953
2014-07-10,66.27820587158203
2014-07-11,64.83283996582031
2014-07-14,63.764503479003906
2014-07-15,63.0732307434082
2014-07-16,64.4348373413086
2014-07-17,68.12162780761719
2014-07-18,67.70264434814453
2014-07-21,67.7655029296875
2014-07-22,74.63630676269531
2014-07-23,73.40039825439453
2014-07-24,73.40039825439453
2014-07-25,73.71461486816406
2014-07-28,73.50513458251953
2014-07-30,73.67271423339844
2014-07-31,72.7091293334961
2014-08-01,70.55152893066406
2014-08-04,71.22184753417969
2014-08-05,71.36849975585938
2014-08-06,82.28218078613281
2014-08-07,79.11910247802734
2014-08-08,77.2128677368164
2014-08-11,86.45074462890625
2014-08-12,85.110107421875
2014-08-13,83.47620391845703
2014-08-14,85.2776870727539
2014-08-18,88.04277801513672
2014-08-19,87.77044677734375
2014-08-20,88.39887237548828
2014-08-21,88.6921615600586
2014-08-22,89.0691909790039
2014-08-25,88.39887237548828
2014-08-26,87.85423278808594
2014-08-27,88.96446990966797
2014-08-28,88.08467102050781
2014-09-01,93.38440704345703
2014-09-02,92.98639678955078
2014-09-03,97.07119750976562
2014-09-04,95.58561706542969
2014-09-05,96.01005554199219
2014-09-08,95.500732421875
2014-09-09,105.13569641113281
2014-09-10,102.48290252685547
2014-09-11,101.7401123046875
2014-09-12,100.48798370361328
2014-09-15,103.14078521728516
2014-09-16,96.07373809814453
2014-09-17,94.39717864990234
2014-09-18,95.18240356445312
2014-09-19,94.26984405517578
2014-09-22,94.3759536743164
2014-09-23,95.18240356445312
2014-09-24,93.10260772705078
2014-09-25,90.8954849243164
2014-09-26,89.98292541503906
2014-09-29,90.81058502197266
2014-09-30,95.30974578857422
2014-10-01,93.65438842773438
2014-10-07,93.97273254394531
2014-10-08,93.8878402709961
2014-10-09,98.1535415649414
2014-10-10,97.07119750976562
2014-10-13,98.00497436523438
2014-10-14,97.66542053222656
2014-10-15,97.66542053222656
2014-10-16,92.84793090820312
2014-10-17,90.72570037841797
2014-10-20,91.27747344970703
2014-10-21,91.10770416259766
2014-10-22,92.23247528076172
2014-10-27,93.54825592041016
2014-10-28,97.66542053222656
2014-10-29,96.66796112060547
2014-10-30,98.19598388671875
2014-10-31,97.53809356689453
2014-11-03,97.87764739990234
2014-11-05,95.54318237304688
2014-11-07,95.7978515625
2014-11-10,97.00752258300781
2014-11-11,92.48714447021484
2014-11-12,94.69429016113281
2014-11-13,92.23247528076172
2014-11-14,92.55082702636719
2014-11-17,93.33604431152344
2014-11-18,92.50839233398438
2014-11-19,90.64080047607422
2014-11-20,89.21890258789062
2014-11-21,87.41499328613281
2014-11-24,85.71720886230469
2014-11-25,84.25288391113281
2014-11-26,88.28511810302734
2014-11-27,91.78682708740234
2014-11-28,90.34370422363281
2014-12-01,90.68325805664062
2014-12-02,91.85047912597656
2014-12-03,91.34114837646484
2014-12-04,92.9115982055664
2014-12-05,93.65438842773438
2014-12-08,93.35726165771484
2014-12-09,90.44979858398438
2014-12-10,91.61703491210938
2014-12-11,90.81058502197266
2014-12-12,90.4710464477539
2014-12-15,89.38871002197266
2014-12-16,85.25032043457031
2014-12-17,84.78343963623047
2014-12-18,85.86578369140625
2014-12-19,84.4438705444336
2014-12-22,83.31910705566406
2014-12-23,84.65609741210938
2014-12-24,84.93199920654297
2014-12-26,83.51008605957031
2014-12-29,84.14673614501953
2014-12-30,85.10176849365234
2014-12-31,85.335205078125
2015-01-01,87.47868347167969
2015-01-02,86.86321258544922
2015-01-05,86.65099334716797
2015-01-06,84.69854736328125
2015-01-07,83.913330078125
2015-01-08,85.75965118408203
2015-01-09,84.93199920654297
2015-01-12,85.01688385009766
2015-01-13,85.52619934082031
2015-01-14,84.9107666015625
2015-01-15,85.58989715576172
2015-01-16,84.54998016357422
2015-01-19,83.36152648925781
2015-01-20,85.84454345703125
2015-01-21,83.80720520019531
2015-01-22,83.53130340576172
2015-01-23,82.8521957397461
2015-01-27,81.91840362548828
2015-01-28,79.5202865600586
2015-01-29,77.0372543334961
2015-01-30,81.005859375
2015-02-02,82.36406707763672
2015-02-03,80.17816162109375
2015-02-04,81.13319396972656
2015-02-05,82.23674774169922
2015-02-06,80.51773071289062
2015-02-09,77.14337921142578
2015-02-10,77.29194641113281
2015-02-11,78.16204071044922
2015-02-12,84.46510314941406
2015-02-13,82.32162475585938
2015-02-16,80.94216918945312
2015-02-18,82.74610137939453
2015-02-19,81.36661529541016
2015-02-20,81.40908813476562
2015-02-23,80.92095947265625
2015-02-24,80.60263061523438
2015-02-25,79.69005584716797
2015-02-26,81.30294799804688
2015-02-27,81.15440368652344
2015-03-02,80.05083465576172
2015-03-03,80.94216918945312
2015-03-04,79.1170425415039
2015-03-05,83.76475524902344
2015-03-09,80.89974212646484
2015-03-10,79.66883087158203
2015-03-11,80.22062683105469
2015-03-12,81.62132263183594
2015-03-13,80.32673645019531
2015-03-16,87.92434692382812
2015-03-17,91.95658874511719
2015-03-18,86.39633178710938
2015-03-19,88.45490264892578
2015-03-20,85.97188568115234
2015-03-23,81.98207092285156
2015-03-24,81.30294799804688
2015-03-25,83.02196502685547
2015-03-26,82.87342071533203
2015-03-27,83.65864562988281
2015-03-30,84.16798400878906
2015-03-31,84.65609741210938
2015-04-01,87.75455474853516
2015-04-06,91.06526184082031
2015-04-07,91.87171173095703
2015-04-08,92.40225982666016
2015-04-09,92.5932846069336
2015-04-10,95.03382873535156
2015-04-13,96.17985534667969
2015-04-15,110.3564224243164
2015-04-16,106.5151596069336
2015-04-17,102.33435821533203
2015-04-20,97.43199157714844
2015-04-21,95.77661895751953
2015-04-22,99.46932220458984
2015-04-23,100.6153335571289
2015-04-24,96.32840728759766
2015-04-27,90.19514465332031
2015-04-28,91.8929443359375
2015-04-29,91.70194244384766
2015-04-30,92.02024841308594
2015-05-04,93.95150756835938
2015-05-05,93.54825592041016
2015-05-06,91.36238098144531
2015-05-07,91.4048080444336
2015-05-08,91.72314453125
2015-05-11,92.21125793457031
2015-05-12,91.4260482788086
2015-05-13,91.36238098144531
2015-05-14,92.8691635131836
2015-05-15,97.94132232666016
2015-05-18,106.60003662109375
2015-05-19,103.09835052490234
2015-05-20,101.71888732910156
2015-05-21,104.20191955566406
2015-05-22,101.52788543701172
2015-05-25,99.3844223022461
2015-05-26,99.3844223022461
2015-05-27,101.61278533935547
2015-05-28,101.7401123046875
2015-05-29,101.65524291992188
2015-06-01,101.59156036376953
2015-06-02,100.55166625976562
2015-06-03,96.58308410644531
2015-06-04,98.11109924316406
2015-06-05,98.1535415649414
2015-06-08,96.13739776611328
2015-06-09,94.99139404296875
2015-06-10,100.0210952758789
2015-06-11,96.24352264404297
2015-06-12,95.45831298828125
2015-06-15,95.6068344116211
2015-06-16,95.224853515625
2015-06-17,95.4795150756836
2015-06-18,95.7978515625
2015-06-19,96.45574188232422
2015-06-22,96.51940155029297
2015-06-23,96.03131103515625
2015-06-24,101.90990447998047
2015-06-25,102.50411987304688
2015-06-26,103.07713317871094
2015-06-29,99.68156433105469
2015-06-30,100.7002182006836
2015-07-01,101.63399505615234
2015-07-02,101.65524291992188
2015-07-03,100.80634307861328
2015-07-06,103.69258117675781
2015-07-07,104.39290618896484
2015-07-08,102.63145446777344
2015-07-09,101.97357940673828
2015-07-10,105.19935607910156
2015-07-13,109.4863052368164
2015-07-14,109.86827850341797
2015-07-15,110.65351104736328
2015-07-16,112.33009338378906
2015-07-17,114.40988159179688
2015-07-20,115.02534484863281
2015-07-21,113.03043365478516
2015-07-22,114.19764709472656
2015-07-23,114.74947357177734
2015-07-24,113.00922393798828
2015-07-27,112.30888366699219
2015-07-28,112.37252807617188
2015-07-29,118.76045989990234
2015-07-30,120.64926147460938
2015-07-31,120.05506134033203
2015-08-03,123.5142822265625
2015-08-04,124.21463012695312
2015-08-05,122.51683044433594
2015-08-06,117.69914245605469
2015-08-07,112.99296569824219
2015-08-10,115.22335815429688
2015-08-11,112.45764923095703
2015-08-12,115.04492950439453
2015-08-13,116.09321594238281
2015-08-14,117.6545181274414
2015-08-17,118.94817352294922
2015-08-18,122.4499282836914
2015-08-19,121.98152923583984
2015-08-20,118.8366470336914
2015-08-21,123.43130493164062
2015-08-24,107.95221710205078
2015-08-25,117.87757873535156
2015-08-26,119.2381362915039
2015-08-27,121.2009048461914
2015-08-28,118.45746612548828
2015-08-31,120.53178405761719
2015-09-01,118.16749572753906
2015-09-02,116.38319396972656
2015-09-03,127.57987976074219
2015-09-04,122.85139465332031
2015-09-07,117.00770568847656
2015-09-08,115.93709564208984
2015-09-09,118.25674438476562
2015-09-10,120.57637023925781
2015-09-11,120.79940032958984
2015-09-14,119.72881317138672
2015-09-15,118.63591766357422
2015-09-16,118.25674438476562
2015-09-18,118.56902313232422
2015-09-21,118.0113754272461
2015-09-22,117.14153289794922
2015-09-23,118.79204559326172
2015-09-24,119.12660217285156
2015-09-28,117.7214126586914
2015-09-29,119.0596923828125
2015-09-30,123.7658920288086
2015-10-01,124.92571258544922
2015-10-05,127.7806167602539
2015-10-06,128.628173828125
2015-10-07,128.4274444580078
2015-10-08,129.0296630859375
2015-10-09,128.8512420654297
2015-10-12,126.26392364501953
2015-10-13,127.75830841064453
2015-10-14,126.84382629394531
2015-10-15,134.58340454101562
2015-10-16,134.4272918701172
2015-10-19,132.7098388671875
2015-10-20,137.01455688476562
2015-10-21,134.0034942626953
2015-10-23,132.73211669921875
2015-10-26,132.7098388671875
2015-10-27,133.5351104736328
2015-10-28,130.18948364257812
2015-10-29,129.185791015625
2015-10-30,127.24533081054688
2015-11-02,125.46096801757812
2015-11-03,129.27500915527344
2015-11-04,125.95167541503906
2015-11-05,120.91091918945312
2015-11-06,121.51313018798828
2015-11-09,121.26780700683594
2015-11-10,120.42023468017578
2015-11-13,119.3496322631836
2015-11-16,122.47225189208984
2015-11-17,121.53548431396484
2015-11-18,119.12660217285156
2015-11-19,124.03350830078125
2015-11-20,122.33839416503906
2015-11-23,121.98152923583984
2015-11-24,122.22686767578125
2015-11-26,125.92933654785156
2015-11-27,128.4274444580078
2015-11-30,124.16737365722656
2015-12-01,123.98896026611328
2015-12-02,122.56147003173828
2015-12-03,122.07074737548828
2015-12-04,120.97786712646484
2015-12-07,120.79940032958984
2015-12-08,119.72881317138672
2015-12-09,114.73268127441406
2015-12-10,115.55792236328125
2015-12-11,114.24200439453125
2015-12-14,121.15629577636719
2015-12-15,120.24180603027344
2015-12-16,119.08200073242188
2015-12-17,120.48714447021484
2015-12-18,124.30119323730469
2015-12-21,122.7398681640625
2015-12-22,123.05213165283203
2015-12-23,123.78813171386719
2015-12-24,123.98896026611328
2015-12-28,123.18596649169922
2015-12-29,124.4572982788086
2015-12-30,124.4572982788086
2015-12-31,124.30119323730469
2016-01-01,124.52418518066406
2016-01-04,125.32717895507812
2016-01-05,124.30119323730469
2016-01-06,124.07811737060547
2016-01-07,121.13399505615234
2016-01-08,121.6246566772461
2016-01-11,123.49823760986328
2016-01-12,122.29378509521484
2016-01-13,116.40548706054688
2016-01-14,118.14520263671875
2016-01-15,112.32383728027344
2016-01-18,107.79608154296875
2016-01-19,110.71792602539062
2016-01-20,105.6994857788086
2016-01-21,106.19019317626953
2016-01-22,108.33139038085938
2016-01-25,114.95572662353516
2016-01-27,115.08953857421875
2016-01-28,113.90743255615234
2016-01-29,118.61359405517578
2016-02-01,117.1861572265625
2016-02-02,114.42042541503906
2016-02-03,119.63959503173828
2016-02-04,119.97415924072266
2016-02-05,114.62117004394531
2016-02-08,114.64344787597656
2016-02-09,113.72898864746094
2016-02-10,109.80345153808594
2016-02-11,106.25708770751953
2016-02-12,107.39459991455078
2016-02-15,110.22724151611328
2016-02-16,111.07479095458984
2016-02-17,111.63240051269531
2016-02-18,111.83313751220703
2016-02-19,111.14170837402344
2016-02-22,112.1454086303711
2016-02-23,111.56547546386719
2016-02-24,111.49858856201172
2016-02-25,110.42798614501953
2016-02-26,109.98189544677734
2016-02-29,108.01911926269531
2016-03-01,115.82557678222656
2016-03-02,118.65819549560547
2016-03-03,117.76606750488281
2016-03-04,118.43517303466797
2016-03-08,117.56529998779297
2016-03-09,122.89599609375
2016-03-10,122.51686096191406
2016-03-11,116.38319396972656
2016-03-14,115.7809829711914
2016-03-15,115.4464111328125
2016-03-16,115.6917724609375
2016-03-17,115.305908203125
2016-03-18,112.85452270507812
2016-03-21,113.69432830810547
2016-03-22,114.53416442871094
2016-03-23,114.53416442871094
2016-03-28,113.05877685546875
2016-03-29,113.05877685546875
2016-03-30,114.64765930175781
2016-03-31,113.24037170410156
2016-04-01,113.7397232055664
2016-04-04,115.62364959716797
2016-04-05,111.60610961914062
2016-04-06,112.53673553466797
2016-04-07,112.67292022705078
2016-04-08,112.69562530517578
2016-04-11,110.78899383544922
2016-04-12,113.19498443603516
2016-04-13,113.19498443603516
2016-04-18,113.46736907958984
2016-04-20,112.968017578125
2016-04-21,113.39924621582031
2016-04-22,111.28834533691406
2016-04-25,113.3311767578125
2016-04-26,114.14828491210938
2016-04-27,114.05751037597656
2016-04-28,112.08277893066406
2016-04-29,111.46993255615234
2016-05-02,113.71702575683594
2016-05-03,111.78771209716797
2016-05-04,111.56072998046875
2016-05-05,111.33374786376953
2016-05-06,110.44853210449219
2016-05-09,111.12947082519531
2016-05-10,113.46736907958984
2016-05-11,112.35515594482422
2016-05-12,116.39540100097656
2016-05-13,116.94015502929688
2016-05-16,119.84552001953125
2016-05-17,118.98295593261719
2016-05-18,119.84552001953125
2016-05-19,116.37269592285156
2016-05-20,116.73587799072266
2016-05-23,112.8091049194336
2016-05-24,111.51531982421875
2016-05-25,110.69820404052734
2016-05-26,112.19625091552734
2016-05-27,115.89605712890625
2016-05-30,117.53028106689453
2016-05-31,115.6009750366211
2016-06-01,115.46479034423828
2016-06-02,115.28318786621094
2016-06-03,112.8091049194336
2016-06-06,110.76629638671875
2016-06-07,111.12947082519531
2016-06-08,111.0159683227539
2016-06-09,110.5846939086914
2016-06-10,110.51660919189453
2016-06-13,109.60870361328125
2016-06-14,110.63011169433594
2016-06-15,109.92646026611328
2016-06-16,108.97312927246094
2016-06-17,110.2215347290039
2016-06-20,109.74488830566406
2016-06-21,108.9050521850586
2016-06-22,108.08793640136719
2016-06-23,108.31489562988281
2016-06-24,107.06652069091797
2016-06-27,113.53543853759766
2016-06-28,112.01467895507812
2016-06-29,114.37527465820312
2016-06-30,113.76244354248047
2016-07-01,113.49005889892578
2016-07-04,115.01082611083984
2016-07-05,115.03351593017578
2016-07-07,115.73715209960938
2016-07-08,117.2125473022461
2016-07-11,117.93887329101562
2016-07-12,117.75728607177734
2016-07-13,117.7345962524414
2016-07-14,119.45962524414062
2016-07-15,119.16455841064453
2016-07-18,120.98038482666016
2016-07-19,119.34614562988281
2016-07-20,119.18724060058594
2016-07-21,119.82280731201172
2016-07-22,121.41167449951172
2016-07-25,121.82022857666016
2016-07-26,123.11402893066406
2016-07-27,123.74956512451172
2016-07-28,125.0887451171875
2016-07-29,121.86563110351562
2016-08-01,121.29815673828125
2016-08-02,120.11788940429688
2016-08-03,127.13158416748047
2016-08-04,127.7898178100586
2016-08-05,128.47073364257812
2016-08-08,129.5148162841797
2016-08-09,130.80865478515625
2016-08-10,127.9941177368164
2016-08-11,127.78942108154297
2016-08-12,127.88040161132812
2016-08-16,125.03807067871094
2016-08-17,125.94764709472656
2016-08-18,126.24322509765625
2016-08-19,126.08404541015625
2016-08-22,125.10631561279297
2016-08-23,127.58480072021484
2016-08-24,141.79624938964844
2016-08-25,142.06912231445312
2016-08-26,153.02899169921875
2016-08-29,151.55101013183594
2016-08-30,150.8915557861328
2016-08-31,149.04977416992188
2016-09-01,145.07054138183594
2016-09-02,143.34246826171875
2016-09-06,157.23558044433594
2016-09-07,160.7827911376953
2016-09-08,158.12237548828125
2016-09-09,159.37298583984375
2016-09-12,155.84854125976562
2016-09-14,163.82968139648438
2016-09-15,171.3106231689453
2016-09-16,175.24435424804688
2016-09-19,174.0392303466797
2016-09-20,169.3778839111328
2016-09-21,171.26513671875
2016-09-22,170.3783416748047
2016-09-23,167.78616333007812
2016-09-26,171.9018096923828
2016-09-27,170.62847900390625
2016-09-28,169.1504669189453
2016-09-29,161.69229125976562
2016-09-30,161.85147094726562
2016-10-03,165.96710205078125
2016-10-04,166.03533935546875
2016-10-05,167.10400390625
2016-10-06,164.19349670410156
2016-10-07,162.92018127441406
2016-10-10,168.6502685546875
2016-10-13,173.56170654296875
2016-10-14,177.54090881347656
2016-10-17,173.69815063476562
2016-10-18,174.15292358398438
2016-10-19,175.3580322265625
2016-10-20,173.92552185058594
2016-10-21,173.90277099609375
2016-10-24,179.49639892578125
2016-10-25,175.7900390625
2016-10-26,175.7900390625
2016-10-27,174.38027954101562
2016-10-28,175.49447631835938
2016-11-01,177.17709350585938
2016-11-02,172.9477996826172
2016-11-03,167.69520568847656
2016-11-04,160.55535888671875
2016-11-07,162.03335571289062
2016-11-08,160.39620971679688
2016-11-09,161.39669799804688
2016-11-10,161.98789978027344
2016-11-11,164.58004760742188
2016-11-15,155.66664123535156
2016-11-16,158.2587890625
2016-11-17,158.0314178466797
2016-11-18,157.30380249023438
2016-11-21,145.66177368164062
2016-11-22,149.41354370117188
2016-11-23,155.32557678222656
2016-11-24,153.55198669433594
2016-11-25,157.78134155273438
2016-11-28,154.80259704589844
2016-11-29,158.0996551513672
2016-11-30,160.23703002929688
2016-12-01,159.00914001464844
2016-12-02,158.84999084472656
2016-12-05,159.2820281982422
2016-12-06,158.0087127685547
2016-12-07,159.077392578125
2016-12-08,158.30430603027344
2016-12-09,158.4407196044922
2016-12-12,157.89501953125
2016-12-13,157.39471435546875
2016-12-14,156.6443634033203
2016-12-15,157.34925842285156
2016-12-16,156.0076904296875
2016-12-19,156.48521423339844
2016-12-20,154.4614715576172
2016-12-21,155.41650390625
2016-12-22,150.09571838378906
2016-12-23,148.70872497558594
2016-12-26,146.45762634277344
2016-12-27,154.00674438476562
2016-12-28,155.93954467773438
2016-12-29,156.5306854248047
2016-12-30,159.75953674316406
2017-01-02,159.6231231689453
2017-01-03,160.8282470703125
2017-01-04,158.69082641601562
2017-01-05,158.28152465820312
2017-01-06,158.59986877441406
2017-01-09,156.1669158935547
2017-01-10,156.8717498779297
2017-01-11,156.93997192382812
2017-01-12,156.23507690429688
2017-01-13,157.57667541503906
2017-01-16,156.0076904296875
2017-01-17,158.0314178466797
2017-01-18,156.6443634033203
2017-01-19,158.37252807617188
2017-01-20,156.8717498779297
2017-01-23,156.89450073242188
2017-01-24,158.94094848632812
2017-01-25,156.48521423339844
2017-01-27,156.0986785888672
2017-01-30,156.80352783203125
2017-01-31,153.4382781982422
2017-02-01,155.25735473632812
2017-02-02,161.98789978027344
2017-02-03,161.41941833496094
2017-02-06,158.34976196289062
2017-02-07,158.59986877441406
2017-02-08,159.64584350585938
2017-02-09,158.50894165039062
2017-02-10,151.1872100830078
2017-02-13,151.75564575195312
2017-02-14,150.7778778076172
2017-02-15,147.6627655029297
2017-02-16,150.8915557861328
2017-02-17,151.07351684570312
2017-02-20,151.4827880859375
2017-02-21,150.70968627929688
2017-02-22,150.45956420898438
2017-02-23,151.0507354736328
2017-02-27,149.86834716796875
2017-02-28,150.23220825195312
2017-03-01,151.23268127441406
2017-03-02,149.18621826171875
2017-03-03,148.8451385498047
2017-03-06,149.91383361816406
2017-03-07,148.7769012451172
2017-03-08,149.36813354492188
2017-03-09,148.4131317138672
2017-03-10,148.39036560058594
2017-03-14,145.5253143310547
2017-03-15,148.4131317138672
2017-03-16,148.7769012451172
2017-03-17,148.18572998046875
2017-03-20,153.62017822265625
2017-03-21,154.14320373535156
2017-03-22,153.21090698242188
2017-03-23,154.14320373535156
2017-03-24,153.87030029296875
2017-03-27,156.03042602539062
2017-03-28,156.96270751953125
2017-03-29,158.21334838867188
2017-03-30,157.1218719482422
2017-03-31,157.41751098632812
2017-04-03,162.1470489501953
2017-04-05,162.26075744628906
2017-04-06,162.5336151123047
2017-04-07,159.91871643066406
2017-04-10,155.1436767578125
2017-04-11,155.68936157226562
2017-04-12,154.4614715576172
2017-04-13,152.1876678466797
2017-04-17,152.2786407470703
2017-04-18,148.2994384765625
2017-04-19,152.2104034423828
2017-04-20,151.07351684570312
2017-04-21,152.392333984375
2017-04-24,151.2781219482422
2017-04-25,150.02752685546875
2017-04-26,149.91383361816406
2017-04-27,150.3686065673828
2017-04-28,149.91383361816406
2017-05-02,151.50552368164062
2017-05-03,149.8456268310547
2017-05-04,150.95980834960938
2017-05-05,150.05029296875
2017-05-08,147.91285705566406
2017-05-09,150.02752685546875
2017-05-10,150.3686065673828
2017-05-11,149.80018615722656
2017-05-12,152.4377899169922
2017-05-15,157.07638549804688
2017-05-16,158.64537048339844
2017-05-17,160.39620971679688
2017-05-18,157.64486694335938
2017-05-19,155.25735473632812
2017-05-22,157.1446075439453
2017-05-23,156.55343627929688
2017-05-24,154.55247497558594
2017-05-25,150.07301330566406
2017-05-26,151.75564575195312
2017-05-29,154.7116241455078
2017-05-30,154.09767150878906
2017-05-31,153.50648498535156
2017-06-01,150.02752685546875
2017-06-02,150.57327270507812
2017-06-05,153.57469177246094
2017-06-06,154.5297393798828
2017-06-07,153.91578674316406
2017-06-08,152.50599670410156
2017-06-09,153.89303588867188
2017-06-12,153.1427001953125
2017-06-13,153.96128845214844
2017-06-14,153.89303588867188
2017-06-15,153.7111358642578
2017-06-16,154.8253173828125
2017-06-19,153.074462890625
2017-06-20,152.82435607910156
2017-06-21,152.34681701660156
2017-06-22,151.23268127441406
2017-06-23,152.25587463378906
2017-06-27,149.754638671875
2017-06-28,148.61776733398438
2017-06-29,148.0265655517578
2017-06-30,142.20556640625
2017-07-03,143.45616149902344
2017-07-04,146.91238403320312
2017-07-05,146.86691284179688
2017-07-06,147.4808349609375
2017-07-07,146.84413146972656
2017-07-10,142.2510223388672
2017-07-11,149.82289123535156
2017-07-12,148.7314453125
2017-07-13,146.7986602783203
2017-07-14,146.73043823242188
2017-07-17,146.95785522460938
2017-07-18,147.77645874023438
2017-07-19,148.0265655517578
2017-07-20,147.45811462402344
2017-07-21,146.25296020507812
2017-07-24,142.7740020751953
2017-07-25,141.54611206054688
2017-07-26,141.40969848632812
2017-07-27,139.65884399414062
2017-07-28,142.61480712890625
2017-07-31,140.93218994140625
2017-08-01,138.97671508789062
2017-08-02,142.59207153320312
2017-08-03,142.61480712890625
2017-08-04,138.77203369140625
2017-08-07,137.24859619140625
2017-08-08,135.54319763183594
2017-08-09,133.51947021484375
2017-08-10,129.5630340576172
2017-08-11,133.9060516357422
2017-08-14,134.8383026123047
2017-08-16,132.9510498046875
2017-08-17,131.700439453125
2017-08-18,131.58673095703125
2017-08-21,129.58578491210938
2017-08-22,129.79042053222656
2017-08-23,129.60850524902344
2017-08-24,129.4493408203125
2017-08-28,127.76671600341797
2017-08-29,127.92587280273438
2017-08-30,126.94808959960938
2017-08-31,125.24272918701172
2017-09-01,125.5838394165039
2017-09-04,124.9471664428711
2017-09-05,125.28821563720703
2017-09-06,126.28873443603516
2017-09-07,127.90309143066406
2017-09-08,126.56156921386719
2017-09-11,126.83537292480469
2017-09-12,127.74822998046875
2017-09-13,127.0407943725586
2017-09-14,126.78976440429688
2017-09-15,130.39540100097656
2017-09-18,131.83309936523438
2017-09-19,132.4948272705078
2017-09-20,132.33509826660156
2017-09-21,131.90151977539062
2017-09-22,127.52002716064453
2017-09-25,125.14669799804688
2017-09-26,123.84595489501953
2017-09-27,121.47264099121094
2017-09-28,119.57855987548828
2017-09-29,127.38310241699219
2017-10-03,125.19232940673828
2017-10-04,125.0326156616211
2017-10-05,127.42874145507812
2017-10-06,129.45977783203125
2017-10-09,128.5469512939453
2017-10-10,127.36027526855469
2017-10-11,126.56156921386719
2017-10-12,125.5802993774414
2017-10-13,126.47026824951172
2017-10-16,128.61537170410156
2017-10-17,125.9226303100586
2017-10-18,125.489013671875
2017-10-19,124.46212005615234
2017-10-23,125.14669799804688
2017-10-24,125.5118637084961
2017-10-25,127.42874145507812
2017-10-26,125.69441986083984
2017-10-27,129.87049865722656
2017-10-30,130.1671905517578
2017-10-31,130.57798767089844
2017-11-01,129.6879425048828
2017-11-02,132.1525421142578
2017-11-03,137.44688415527344
2017-11-06,138.15431213378906
2017-11-07,135.9178924560547
2017-11-08,134.0238037109375
2017-11-09,133.84124755859375
2017-11-10,136.62535095214844
2017-11-13,134.75404357910156
2017-11-14,132.5177001953125
2017-11-15,130.89743041992188
2017-11-16,131.07998657226562
2017-11-17,130.6007537841797
2017-11-20,131.01153564453125
2017-11-21,131.33102416992188
2017-11-22,130.6007537841797
2017-11-23,130.96592712402344
2017-11-24,132.06124877929688
2017-11-27,130.69204711914062
2017-11-28,131.5135955810547
2017-11-29,132.7002410888672
2017-11-30,130.80613708496094
2017-12-01,131.53639221191406
2017-12-04,132.4036102294922
2017-12-05,132.6089324951172
2017-12-06,134.3433074951172
2017-12-07,135.781005859375
2017-12-08,136.214599609375
2017-12-11,136.92201232910156
2017-12-12,136.00918579101562
2017-12-13,135.7125244140625
2017-12-14,134.7997283935547
2017-12-15,134.68560791015625
2017-12-18,139.56915283203125
2017-12-19,140.52760314941406
2017-12-20,146.23268127441406
2017-12-21,146.80320739746094
2017-12-22,145.61654663085938
2017-12-26,146.4837188720703
2017-12-27,148.6744842529297
2017-12-28,152.82777404785156
2017-12-29,153.5352020263672
2018-01-01,153.74058532714844
2018-01-02,150.04367065429688
2018-01-03,150.5001220703125
2018-01-04,151.4129180908203
2018-01-05,150.20343017578125
2018-01-08,151.61831665039062
2018-01-09,153.10162353515625
2018-01-10,153.10162353515625
2018-01-11,153.39828491210938
2018-01-12,153.35263061523438
2018-01-15,151.59547424316406
2018-01-16,145.2970428466797
2018-01-17,149.952392578125
2018-01-18,146.0729522705078
2018-01-19,148.8570098876953
2018-01-22,147.87574768066406
2018-01-23,148.834228515625
2018-01-24,149.0852813720703
2018-01-25,144.31581115722656
2018-01-29,146.66629028320312
2018-01-30,142.28477478027344
2018-01-31,140.2537841796875
2018-02-01,142.1935272216797
2018-02-02,138.77047729492188
2018-02-05,136.10047912597656
2018-02-06,132.88282775878906
2018-02-07,136.7166290283203
2018-02-08,138.199951171875
2018-02-09,137.15020751953125
2018-02-12,145.2742462158203
2018-02-14,145.47962951660156
2018-02-15,145.4568328857422
2018-02-16,140.48196411132812
2018-02-19,136.78509521484375
2018-02-20,138.9986114501953
2018-02-21,138.06301879882812
2018-02-22,138.70196533203125
2018-02-23,139.50070190429688
2018-02-26,144.13323974609375
2018-02-27,145.68504333496094
2018-02-28,143.83656311035156
2018-03-01,145.890380859375
2018-03-05,144.7950439453125
2018-03-06,140.50477600097656
2018-03-07,139.934326171875
2018-03-08,140.09405517578125
2018-03-09,137.19583129882812
2018-03-12,137.62942504882812
2018-03-13,138.17715454101562
2018-03-14,137.67507934570312
2018-03-15,136.03201293945312
2018-03-16,134.7084503173828
2018-03-19,132.06124877929688
2018-03-20,130.2128143310547
2018-03-21,133.70436096191406
2018-03-22,131.99282836914062
2018-03-23,131.4679412841797
2018-03-26,132.1525421142578
2018-03-27,139.27249145507812
2018-03-28,141.53170776367188
2018-04-02,142.58145141601562
2018-04-03,144.11038208007812
2018-04-04,142.17066955566406
2018-04-05,140.73301696777344
2018-04-06,140.96119689941406
2018-04-09,141.85121154785156
2018-04-10,142.69554138183594
2018-04-11,143.10630798339844
2018-04-12,142.58145141601562
2018-04-13,143.26608276367188
2018-04-16,141.91964721679688
2018-04-17,143.85939025878906
2018-04-18,145.981689453125
2018-04-19,146.68911743164062
2018-04-20,144.0647735595703
2018-04-23,141.75990295410156
2018-04-24,140.77865600585938
2018-04-25,147.76165771484375
2018-04-26,144.5211639404297
2018-04-27,146.4837188720703
2018-04-30,146.0729522705078
2018-05-02,146.09579467773438
2018-05-03,145.3199005126953
2018-05-04,147.51063537597656
2018-05-07,147.21397399902344
2018-05-08,146.5521697998047
2018-05-09,147.64756774902344
2018-05-10,147.87574768066406
2018-05-11,146.0501708984375
2018-05-14,144.24734497070312
2018-05-15,144.20172119140625
2018-05-16,143.8822479248047
2018-05-17,145.0688934326172
2018-05-18,144.1560821533203
2018-05-21,139.75172424316406
2018-05-22,138.38250732421875
2018-05-23,136.85353088378906
2018-05-24,134.52587890625
2018-05-25,133.84124755859375
2018-05-28,132.28945922851562
2018-05-29,131.2625732421875
2018-05-30,129.6879425048828
2018-05-31,127.72535705566406
2018-06-01,123.54932403564453
2018-06-04,119.7154769897461
2018-06-05,116.1554946899414
2018-06-06,117.50190734863281
2018-06-07,120.87931823730469
2018-06-08,122.9787826538086
2018-06-11,120.90211486816406
2018-06-12,124.64466094970703
2018-06-13,123.82313537597656
2018-06-14,126.99514770507812
2018-06-15,130.23562622070312
2018-06-18,129.5966796875
2018-06-19,127.81670379638672
2018-06-20,126.74412536621094
2018-06-21,123.29826354980469
2018-06-22,122.18006896972656
2018-06-25,120.46854400634766
2018-06-26,118.66574096679688
2018-06-27,117.2965087890625
2018-06-28,117.11394500732422
2018-06-29,117.68448638916016
2018-07-02,115.65345764160156
2018-07-03,114.94600677490234
2018-07-04,115.49372100830078
2018-07-05,115.3339614868164
2018-07-06,113.23450469970703
2018-07-09,114.14732360839844
2018-07-10,116.9085693359375
2018-07-11,117.2737045288086
2018-07-12,117.52473449707031
2018-07-13,116.10984802246094
2018-07-16,116.36088562011719
2018-07-17,118.91675567626953
2018-07-18,118.68855285644531
2018-07-19,120.94776153564453
2018-07-20,121.17597961425781
2018-07-23,123.25260925292969
2018-07-24,124.5990219116211
2018-07-25,123.18416595458984
2018-07-26,126.40180969238281
2018-07-27,123.41236114501953
2018-07-30,124.7587890625
2018-07-31,124.7359390258789
2018-08-01,123.25260925292969
2018-08-02,125.5118637084961
2018-08-03,125.6031265258789
2018-08-06,126.60719299316406
2018-08-07,127.79387664794922
2018-08-08,126.78976440429688
2018-08-09,127.13204956054688
2018-08-10,136.3743133544922
2018-08-13,139.7745361328125
2018-08-14,141.3035125732422
2018-08-16,141.5545196533203
2018-08-17,140.64170837402344
2018-08-20,141.394775390625
2018-08-21,138.74761962890625
2018-08-23,148.01266479492188
2018-08-24,150.38600158691406
2018-08-27,152.93450927734375
2018-08-28,152.47531127929688
2018-08-29,154.17433166503906
2018-08-30,155.43710327148438
2018-08-31,156.51625061035156
2018-09-03,156.768798828125
2018-09-04,155.36822509765625
2018-09-05,156.3095703125
2018-09-06,157.75607299804688
2018-09-07,157.9397430419922
2018-09-10,156.79176330566406
2018-09-11,157.50352478027344
2018-09-12,157.2279815673828
2018-09-14,156.6080780029297
2018-09-17,154.35800170898438
2018-09-18,148.6869659423828
2018-09-19,145.56446838378906
2018-09-21,135.07186889648438
2018-09-24,139.48016357421875
2018-09-25,138.4469757080078
2018-09-26,137.78111267089844
2018-09-27,137.68927001953125
2018-09-28,134.45191955566406
2018-10-01,136.26580810546875
2018-10-03,138.21734619140625
2018-10-04,133.00550842285156
2018-10-05,132.50039672851562
2018-10-08,136.0591583251953
2018-10-09,136.7479248046875
2018-10-10,139.5031280517578
2018-10-11,136.08209228515625
2018-10-12,137.64334106445312
2018-10-15,137.09230041503906
2018-10-16,137.75814819335938
2018-10-17,137.8270263671875
2018-10-19,139.8245086669922
2018-10-22,136.42652893066406
2018-10-23,133.12030029296875
2018-10-24,133.4876708984375
2018-10-25,133.32696533203125
2018-10-26,133.8320770263672
2018-10-29,134.38307189941406
2018-10-30,138.05661010742188
2018-10-31,141.66131591796875
2018-11-01,144.43943786621094
2018-11-02,142.16641235351562
2018-11-05,141.47764587402344
2018-11-06,141.89089965820312
2018-11-07,143.7506561279297
2018-11-09,141.82203674316406
2018-11-12,141.33987426757812
2018-11-13,140.3525848388672
2018-11-14,142.6945037841797
2018-11-15,141.73016357421875
2018-11-16,141.6842803955078
2018-11-19,142.1204833984375
2018-11-20,140.58218383789062
2018-11-21,138.14845275878906
2018-11-22,136.7938995361328
2018-11-26,136.12803649902344
2018-11-27,136.1739501953125
2018-11-28,133.00550842285156
2018-11-29,135.2785186767578
2018-11-30,137.09230041503906
2018-12-03,138.42401123046875
2018-12-04,139.5031280517578
2018-12-05,138.72250366210938
2018-12-06,138.6765594482422
2018-12-07,139.5719757080078
2018-12-10,137.2530517578125
2018-12-11,134.79635620117188
2018-12-12,137.64334106445312
2018-12-13,137.59744262695312
2018-12-14,137.39080810546875
2018-12-17,135.9443359375
2018-12-18,132.9825439453125
2018-12-19,138.81431579589844
2018-12-20,138.7454376220703
2018-12-21,137.75814819335938
2018-12-24,137.45968627929688
2018-12-26,136.03622436523438
2018-12-27,137.48265075683594
2018-12-28,137.87294006347656
2018-12-31,140.4674072265625
2019-01-01,142.92408752441406
2019-01-02,142.9929962158203
2019-01-03,143.7506561279297
2019-01-04,140.3066864013672
2019-01-07,137.45968627929688
2019-01-08,139.45718383789062
2019-01-09,139.08984375
2019-01-10,138.05661010742188
2019-01-11,137.9647979736328
2019-01-14,138.35511779785156
2019-01-15,144.99041748046875
2019-01-16,146.62060546875
2019-01-17,144.94454956054688
2019-01-18,142.55674743652344
2019-01-21,142.14344787597656
2019-01-22,142.30418395996094
2019-01-23,146.7354278564453
2019-01-24,146.0236358642578
2019-01-25,141.5465087890625
2019-01-28,142.28123474121094
2019-01-29,139.68679809570312
2019-01-30,142.97000122070312
2019-01-31,145.65628051757812
2019-02-01,142.21234130859375
2019-02-04,143.1766357421875
2019-02-05,144.8756866455078
2019-02-06,145.1282196044922
2019-02-07,150.06455993652344
2019-02-08,150.29415893554688
2019-02-11,146.41397094726562
2019-02-12,144.43943786621094
2019-02-14,143.31442260742188
2019-02-15,143.33737182617188
2019-02-18,144.34759521484375
2019-02-19,147.42417907714844
2019-02-20,147.8374786376953
2019-02-21,147.05685424804688
2019-02-22,151.37327575683594
2019-02-25,153.04928588867188
2019-02-26,152.0391082763672
2019-02-27,148.27369689941406
2019-02-28,149.7890625
2019-03-01,153.39370727539062
2019-03-05,157.54942321777344
2019-03-06,154.12843322753906
2019-03-07,154.9549560546875
2019-03-08,154.54168701171875
2019-03-11,154.7253875732422
2019-03-12,154.77130126953125
2019-03-13,154.54168701171875
2019-03-14,155.0697784423828
2019-03-15,152.84268188476562
2019-03-18,150.70745849609375
2019-03-19,151.9931640625
2019-03-20,153.30184936523438
2019-03-22,154.63351440429688
2019-03-25,156.3095703125
2019-03-26,157.71014404296875
2019-03-27,162.60055541992188
2019-03-28,164.34548950195312
2019-04-01,169.8328857421875
2019-04-02,165.3557586669922
2019-04-03,161.33778381347656
2019-04-04,159.91427612304688
2019-04-05,162.18728637695312
2019-04-08,158.7662811279297
2019-04-09,162.4398193359375
2019-04-10,160.1208953857422
2019-04-11,160.16680908203125
2019-04-12,162.14134216308594
2019-04-15,162.99087524414062
2019-04-16,162.87606811523438
2019-04-18,159.47804260253906
2019-04-22,157.36575317382812
2019-04-23,157.75607299804688
2019-04-24,159.7535400390625
2019-04-25,160.78672790527344
2019-04-26,159.08773803710938
2019-04-30,158.14634704589844
2019-05-02,157.50352478027344
2019-05-03,158.44483947753906
2019-05-06,155.2534637451172
2019-05-07,151.6258544921875
2019-05-08,149.55946350097656
2019-05-09,150.15638732910156
2019-05-10,149.12322998046875
2019-05-13,146.0236358642578
2019-05-14,149.65127563476562
2019-05-15,151.2584686279297
2019-05-16,151.97023010253906
2019-05-17,153.85292053222656
2019-05-20,156.24072265625
2019-05-21,158.53668212890625
2019-05-22,167.55982971191406
2019-05-23,169.90171813964844
2019-05-24,172.79466247558594
2019-05-27,172.38140869140625
2019-05-28,176.90443420410156
2019-05-29,171.1645050048828
2019-05-30,170.42982482910156
2019-05-31,172.19773864746094
2019-06-03,172.6339569091797
2019-06-04,176.35340881347656
2019-06-06,174.3559112548828
2019-06-07,171.0956268310547
2019-06-10,170.10838317871094
2019-06-11,174.17221069335938
2019-06-12,170.82012939453125
2019-06-13,171.0038299560547
2019-06-14,172.67987060546875
2019-06-17,175.04469299316406
2019-06-18,173.25384521484375
2019-06-19,174.99880981445312
2019-06-20,170.9119415283203
2019-06-21,171.78440856933594
2019-06-24,167.513916015625
2019-06-25,164.02403259277344
2019-06-26,165.44757080078125
2019-06-27,168.24862670898438
2019-06-28,168.4323272705078
2019-07-01,174.5855255126953
2019-07-02,171.94515991210938
2019-07-03,167.65170288085938
2019-07-04,167.67462158203125
2019-07-05,167.60577392578125
2019-07-08,168.89149475097656
2019-07-09,171.85328674316406
2019-07-10,169.69509887695312
2019-07-11,167.33026123046875
2019-07-12,172.9553680419922
2019-07-15,169.39663696289062
2019-07-16,170.40684509277344
2019-07-17,170.47573852539062
2019-07-18,169.90171813964844
2019-07-19,170.3379669189453
2019-07-22,169.09812927246094
2019-07-23,169.12110900878906
2019-07-24,169.029296875
2019-07-25,170.79714965820312
2019-07-26,170.38388061523438
2019-07-29,171.1645050048828
2019-07-30,170.26907348632812
2019-07-31,170.24615478515625
2019-08-01,170.2231903076172
2019-08-02,168.66189575195312
2019-08-05,168.24862670898438
2019-08-06,168.31752014160156
2019-08-07,168.04200744628906
2019-08-08,169.87876892089844
2019-08-09,170.6593780517578
2019-08-13,171.8992156982422
2019-08-14,174.7382354736328
2019-08-16,174.9476776123047
2019-08-19,176.53004455566406
2019-08-20,176.8791046142578
2019-08-21,176.85586547851562
2019-08-22,176.85586547851562
2019-08-23,174.20303344726562
2019-08-26,174.6219024658203
2019-08-27,175.41307067871094
2019-08-28,175.040771484375
2019-08-29,175.45962524414062
2019-08-30,178.13572692871094
2019-09-03,175.785400390625
2019-09-04,175.18038940429688
2019-09-05,175.92503356933594
2019-09-06,176.43701171875
2019-09-09,177.20492553710938
2019-09-11,177.36782836914062
2019-09-12,177.11180114746094
2019-09-13,188.28167724609375
2019-09-16,183.72067260742188
2019-09-17,182.48731994628906
2019-09-18,182.11497497558594
2019-09-19,178.57785034179688
2019-09-20,183.95335388183594
2019-09-23,180.13697814941406
2019-09-24,173.94705200195312
2019-09-25,167.05899047851562
2019-09-26,163.8011016845703
2019-09-27,165.40675354003906
2019-09-30,172.4810028076172
2019-10-01,168.61807250976562
2019-10-03,167.85015869140625
2019-10-04,171.64324951171875
2019-10-07,168.8740692138672
2019-10-09,167.9897918701172
2019-10-10,166.43063354492188
2019-10-11,167.757080078125
2019-10-14,167.31495666503906
2019-10-15,165.70928955078125
2019-10-16,166.4539337158203
2019-10-17,167.19859313964844
2019-10-18,170.59608459472656
2019-10-22,167.45452880859375
2019-10-23,165.22059631347656
2019-10-24,153.81805419921875
2019-10-25,157.0293731689453
2019-10-27,157.3318634033203
2019-10-29,154.37655639648438
2019-10-30,154.23690795898438
2019-10-31,158.77467346191406
2019-11-01,161.14825439453125
2019-11-04,170.6426239013672
2019-11-05,169.57217407226562
2019-11-06,169.26966857910156
2019-11-07,177.553955078125
2019-11-08,179.3457794189453
2019-11-11,184.6747283935547
2019-11-13,184.16281127929688
2019-11-14,184.46527099609375
2019-11-15,184.4886016845703
2019-11-18,184.6747283935547
2019-11-19,184.46527099609375
2019-11-20,180.8816375732422
2019-11-21,180.3696746826172
2019-11-22,183.16217041015625
2019-11-25,181.41685485839844
2019-11-26,188.4678497314453
2019-11-27,188.0722198486328
2019-11-28,184.32569885253906
2019-11-29,184.16281127929688
2019-12-02,186.6992950439453
2019-12-03,187.95587158203125
2019-12-04,188.67726135253906
2019-12-05,186.9087371826172
2019-12-06,187.6766357421875
2019-12-09,186.95526123046875
2019-12-10,196.56594848632812
2019-12-11,194.8905029296875
2019-12-12,193.21502685546875
2019-12-13,195.44898986816406
2019-12-16,197.58985900878906
2019-12-17,197.8690948486328
2019-12-18,198.73011779785156
2019-12-19,198.14834594726562
2019-12-20,196.89173889160156
2019-12-23,200.38232421875
2019-12-24,198.31126403808594
2019-12-26,199.9867401123047
2019-12-27,199.56787109375
2019-12-30,200.59176635742188
2019-12-31,198.10183715820312
2020-01-01,199.8936309814453
2020-01-02,201.778564453125
2020-01-03,204.26853942871094
2020-01-06,202.8722686767578
2020-01-07,203.5238494873047
2020-01-08,203.31443786621094
2020-01-09,203.45404052734375
2020-01-10,206.19993591308594
2020-01-13,213.92578125
2020-01-14,214.43772888183594
2020-01-15,214.29812622070312
2020-01-16,220.37171936035156
2020-01-17,221.18612670898438
2020-01-20,224.44406127929688
2020-01-21,225.25851440429688
2020-01-22,231.40194702148438
2020-01-23,231.4717254638672
2020-01-24,230.8434295654297
2020-01-27,231.4717254638672
2020-01-28,232.75161743164062
2020-01-29,230.2616729736328
2020-01-30,232.00694274902344
2020-01-31,230.5176239013672
2020-02-03,229.5867919921875
2020-02-04,231.70445251464844
2020-02-05,242.9208221435547
2020-02-06,255.1145782470703
2020-02-07,261.583740234375
2020-02-10,268.6579895019531
2020-02-11,268.6347351074219
2020-02-12,263.7711486816406
2020-02-13,271.7995300292969
2020-02-14,271.7529296875
2020-02-17,258.7214660644531
2020-02-18,249.0874786376953
2020-02-19,248.97113037109375
2020-02-20,248.45916748046875
2020-02-24,249.0642547607422
2020-02-25,248.83151245117188
2020-02-26,261.44415283203125
2020-02-27,259.140380859375
2020-02-28,250.7164764404297
2020-03-02,247.6912841796875
2020-03-03,264.6008605957031
2020-03-04,272.7117919921875
2020-03-05,272.14263916015625
2020-03-06,277.43133544921875
2020-03-09,261.2095031738281
2020-03-11,260.9722900390625
2020-03-12,241.406494140625
2020-03-13,269.5101318359375
2020-03-16,253.99974060058594
2020-03-17,259.3596496582031
2020-03-18,242.0231170654297
2020-03-19,243.96783447265625
2020-03-20,240.0072784423828
2020-03-23,212.7336883544922
2020-03-24,234.86083984375
2020-03-25,241.02706909179688
2020-03-26,239.9360809326172
2020-03-27,241.1219024658203
2020-03-30,237.70680236816406
2020-03-31,241.4302215576172
2020-04-01,239.81752014160156
2020-04-03,212.1645050048828
2020-04-07,223.2399444580078
2020-04-08,241.83340454101562
2020-04-09,243.37493896484375
2020-04-13,245.24850463867188
2020-04-15,244.9402313232422
2020-04-16,247.26438903808594
2020-04-17,254.64010620117188
2020-04-20,268.63262939453125
2020-04-21,265.9764404296875
2020-04-22,265.4546813964844
2020-04-23,265.9527282714844
2020-04-24,262.063232421875
2020-04-27,262.5138854980469
2020-04-28,263.74713134765625
2020-04-29,271.00421142578125
2020-04-30,264.6246337890625
2020-05-04,261.0197448730469
2020-05-05,265.264892578125
2020-05-06,283.47894287109375
2020-05-07,289.52655029296875
2020-05-08,306.0804138183594
2020-05-11,306.17523193359375
2020-05-12,304.3965759277344
2020-05-13,296.1433410644531
2020-05-14,299.8431091308594
2020-05-15,300.839111328125
2020-05-18,289.3367919921875
2020-05-19,290.5937805175781
2020-05-20,308.1436767578125
2020-05-21,317.5352783203125
2020-05-22,311.74853515625
2020-05-26,314.92657470703125
2020-05-27,310.7762451171875
2020-05-28,305.9380798339844
2020-05-29,323.5591735839844
2020-06-01,326.1205139160156
2020-06-02,331.95465087890625
2020-06-03,324.91094970703125
2020-06-04,331.0297546386719
2020-06-05,335.65447998046875
2020-06-08,337.6703186035156
2020-06-09,322.8714904785156
2020-06-10,328.7767028808594
2020-06-11,328.82415771484375
2020-06-12,329.03765869140625
2020-06-15,332.57135009765625
2020-06-16,340.89569091796875
2020-06-17,335.5358581542969
2020-06-18,334.9191589355469
2020-06-19,337.409423828125
2020-06-22,341.0853576660156
2020-06-23,343.1012268066406
2020-06-24,326.9268798828125
2020-06-25,328.63446044921875
2020-06-26,321.51959228515625
2020-06-29,333.3065490722656
2020-06-30,335.5595703125
2020-07-01,334.9191589355469
2020-07-02,338.76116943359375
2020-07-03,340.8719482421875
2020-07-06,341.2039794921875
2020-07-07,337.5043029785156
2020-07-08,338.00225830078125
2020-07-09,338.5240478515625
2020-07-10,340.8719482421875
2020-07-13,339.40155029296875
2020-07-14,338.6900634765625
2020-07-15,339.06951904296875
2020-07-16,339.1644287109375
2020-07-17,338.4292297363281
2020-07-20,338.3817443847656
2020-07-21,339.2593078613281
2020-07-22,339.7098693847656
2020-07-23,340.7059326171875
2020-07-24,346.01837158203125
2020-07-27,341.9629211425781
2020-07-28,341.55975341796875
2020-07-29,341.9866638183594
2020-07-30,344.7613525390625
2020-07-31,348.2477111816406
2020-08-03,346.11322021484375
2020-08-04,348.5559387207031
2020-08-05,346.5163879394531
2020-08-06,348.7220153808594
2020-08-07,347.65472412109375
2020-08-10,348.6983337402344
2020-08-11,364.6829528808594
2020-08-12,369.2127380371094
2020-08-13,368.4775085449219
2020-08-14,364.30352783203125
2020-08-17,368.52490234375
2020-08-18,369.497314453125
2020-08-19,378.3197326660156
2020-08-20,372.7701721191406
2020-08-21,371.9163818359375
2020-08-24,384.5096740722656
2020-08-25,382.42266845703125
2020-08-26,375.2129211425781
2020-08-27,377.6082458496094
2020-08-28,377.4896545410156
2020-08-31,365.3470458984375
2020-09-01,361.48126220703125
2020-09-02,363.78179931640625
2020-09-03,368.169189453125
2020-09-04,372.0823974609375
2020-09-07,366.79364013671875
2020-09-08,373.86114501953125
2020-09-09,373.7188415527344
2020-09-10,373.7662353515625
2020-09-11,379.2921447753906
2020-09-14,392.9526062011719
2020-09-15,425.6808776855469
2020-09-16,460.4961242675781
2020-09-17,507.3828430175781
2020-09-18,534.0159912109375
2020-09-21,511.8415832519531
2020-09-22,474.287841796875
2020-09-23,438.2532958984375
2020-09-24,437.0664367675781
2020-09-25,454.703857421875
2020-09-28,483.3083190917969
2020-09-29,471.2968444824219
2020-09-30,469.2078857421875
2020-10-01,470.513427734375
2020-10-05,464.81634521484375
2020-10-06,460.59088134765625
2020-10-07,474.97625732421875
2020-10-08,469.9912109375
2020-10-09,465.24359130859375
2020-10-12,453.0184326171875
2020-10-13,477.5399475097656
2020-10-14,494.227783203125
2020-10-15,496.4355163574219
2020-10-16,497.59857177734375
2020-10-19,504.95751953125
2020-10-20,493.75311279296875
2020-10-21,485.2073669433594
2020-10-22,487.9847106933594
2020-10-23,474.4539794921875
2020-10-26,478.299560546875
2020-10-27,490.6671142578125
2020-10-28,480.7683410644531
2020-10-29,471.22564697265625
2020-10-30,478.8930358886719
2020-11-02,472.3887939453125
2020-11-03,466.6203918457031
2020-11-04,466.0269775390625
2020-11-05,474.83380126953125
2020-11-06,484.6138610839844
2020-11-09,476.0919189453125
2020-11-10,460.75714111328125
2020-11-11,455.58221435546875
2020-11-12,452.7336120605469
2020-11-13,453.1608581542969
2020-11-14,459.5938720703125
2020-11-17,453.8730163574219
2020-11-18,447.55865478515625
2020-11-19,442.0040283203125
2020-11-20,445.2085876464844
2020-11-23,455.1073913574219
2020-11-24,465.2198486328125
2020-11-25,452.7336120605469
2020-11-26,453.3270263671875
2020-11-27,472.2463684082031
2020-12-01,477.3975524902344
2020-12-02,475.2135925292969
2020-12-03,471.2968444824219
2020-12-04,472.03271484375
2020-12-07,476.73291015625
2020-12-08,476.02069091796875
2020-12-09,476.3055725097656
2020-12-10,475.7832946777344
2020-12-11,474.3827819824219
2020-12-14,485.30230712890625
2020-12-15,507.6873779296875
2020-12-16,513.9066772460938
2020-12-17,512.6961059570312
2020-12-18,505.669677734375
2020-12-21,498.83306884765625
2020-12-22,495.0824279785156
2020-12-23,496.64910888671875
2020-12-24,489.93121337890625
2020-12-28,489.0766906738281
2020-12-29,482.28753662109375
2020-12-30,478.0147399902344
2020-12-31,482.88104248046875
2021-01-01,491.0469665527344
2021-01-04,491.331787109375
2021-01-05,498.64306640625
2021-01-06,501.6104736328125
2021-01-07,491.331787109375
2021-01-08,496.3642578125
2021-01-11,494.607666015625
2021-01-12,493.5630798339844
2021-01-13,500.18603515625
2021-01-14,490.3585205078125
2021-01-15,495.6759033203125
2021-01-18,484.9462585449219
2021-01-19,483.5694274902344
2021-01-20,474.287841796875
2021-01-21,478.9642028808594
2021-01-22,471.53424072265625
2021-01-25,498.6906433105469
2021-01-27,483.45068359375
2021-01-28,474.8100891113281
2021-01-29,475.30859375
2021-02-01,468.66192626953125
2021-02-02,472.1276550292969
2021-02-03,470.9170227050781
2021-02-04,474.83380126953125
2021-02-05,478.9404602050781
2021-02-08,475.6408996582031
2021-02-09,494.607666015625
2021-02-10,511.5566711425781
2021-02-11,567.982177734375
2021-02-12,570.2373046875
2021-02-15,590.3672485351562
2021-02-16,592.574951171875
2021-02-17,556.4929809570312
2021-02-18,552.1889038085938
2021-02-19,531.0750122070312
2021-02-22,520.81689453125
2021-02-23,523.37548828125
2021-02-24,539.2766723632812
2021-02-25,544.4415283203125
2021-02-26,534.9486694335938
2021-03-01,546.9522094726562
2021-03-02,577.056884765625
2021-03-03,575.5265502929688
2021-03-04,568.1856079101562
2021-03-05,573.27880859375
2021-03-08,570.6964111328125
2021-03-09,572.920166015625
2021-03-10,577.53515625
2021-03-12,583.536865234375
2021-03-15,575.4786987304688
2021-03-16,573.0875854492188
2021-03-17,565.6989135742188
2021-03-18,556.8994140625
2021-03-19,566.7032470703125
2021-03-22,567.8269653320312
2021-03-23,581.121826171875
2021-03-24,589.1082153320312
2021-03-25,586.956298828125
2021-03-26,587.625732421875
2021-03-30,587.5060424804688
2021-03-31,600.39453125
2021-04-01,598.7924194335938
2021-04-05,586.860595703125
2021-04-06,594.5840454101562
2021-04-07,601.4465942382812
2021-04-08,595.3013305664062
2021-04-09,599.5816040039062
2021-04-12,582.3652954101562
2021-04-13,590.4951782226562
2021-04-15,587.625732421875
2021-04-16,583.96728515625
2021-04-19,604.6985473632812
2021-04-20,617.1564331054688
2021-04-22,639.5855712890625
2021-04-23,623.5887451171875
2021-04-26,624.545166015625
2021-04-27,635.6640014648438
2021-04-28,639.7529296875
2021-04-29,659.7907104492188
2021-04-30,667.298828125
2021-05-03,687.1217041015625
2021-05-04,672.3203735351562
2021-05-05,676.122314453125
2021-05-06,695.9209594726562
2021-05-07,696.1123657226562
2021-05-10,680.976318359375
2021-05-11,685.9020385742188
2021-05-12,663.2578735351562
2021-05-14,662.4210815429688
2021-05-17,658.1407470703125
2021-05-18,659.2168579101562
2021-05-19,656.7300415039062
2021-05-20,658.953857421875
2021-05-21,690.086669921875
2021-05-24,682.865234375
2021-05-25,676.7200927734375
2021-05-26,704.6966552734375
2021-05-27,691.9039916992188
2021-05-28,684.2760620117188
2021-05-31,693.81689453125
2021-06-01,706.1791381835938
2021-06-02,721.673828125
2021-06-03,721.147705078125
2021-06-04,723.2041015625
2021-06-07,724.75830078125
2021-06-08,755.89111328125
2021-06-09,730.234130859375
2021-06-10,733.8926391601562
2021-06-11,736.4989624023438
2021-06-14,738.7943115234375
2021-06-15,720.6935424804688
2021-06-16,729.7319946289062
2021-06-17,730.234130859375
2021-06-18,732.123046875
2021-06-21,723.7540283203125
2021-06-22,731.118896484375
2021-06-23,739.0814208984375
2021-06-24,747.76123046875
2021-06-25,758.5214233398438
2021-06-28,783.461181640625
2021-06-29,779.8984375
2021-06-30,796.3494262695312
2021-07-01,808.1378173828125
2021-07-02,890.5369873046875
2021-07-05,900.4125366210938
2021-07-06,851.7046508789062
2021-07-07,873.990234375
2021-07-08,867.1754760742188
2021-07-09,866.912353515625
2021-07-12,876.5726318359375
2021-07-13,874.6357421875
2021-07-14,868.0362548828125
2021-07-15,862.2496337890625
2021-07-16,904.9077758789062
2021-07-19,908.4945678710938
2021-07-20,894.2671508789062
2021-07-22,877.8160400390625
2021-07-23,867.3667602539062
2021-07-26,857.9932861328125
2021-07-27,843.3834228515625
2021-07-28,864.4255981445312
2021-07-29,863.3016967773438
2021-07-30,867.1515502929688
2021-08-02,860.02587890625
2021-08-03,866.768798828125
2021-08-04,861.5562744140625
2021-08-05,855.2197265625
2021-08-06,862.8474731445312
2021-08-09,865.0474243164062
2021-08-10,846.0615844726562
2021-08-11,837.477294921875
2021-08-12,852.68505859375
2021-08-13,849.767822265625
2021-08-16,824.0388793945312
2021-08-17,809.97900390625
2021-08-18,819.3284301757812
2021-08-20,832.216796875
2021-08-23,811.9398193359375
2021-08-24,798.3820190429688
2021-08-25,813.2787475585938
2021-08-26,816.0526733398438
2021-08-27,802.5425415039062
2021-08-30,813.637451171875
2021-08-31,814.2592163085938
2021-09-01,816.9739990234375
2021-09-02,812.3372802734375
2021-09-03,810.1990966796875
2021-09-06,848.469970703125
2021-09-07,855.9415893554688
2021-09-08,857.9595336914062
2021-09-09,846.1156616210938
2021-09-13,848.1336059570312
2021-09-14,832.49365234375
2021-09-15,829.37060546875
2021-09-16,829.3226318359375
2021-09-17,836.3856811523438
2021-09-20,840.2777099609375
2021-09-21,843.8573608398438
2021-09-22,833.3585815429688
2021-09-23,839.2685546875
2021-09-24,882.0801391601562
2021-09-27,898.3687133789062
2021-09-28,940.4114379882812
2021-09-29,908.6751708984375
2021-09-30,897.0473022460938
2021-10-01,906.2967529296875
2021-10-04,890.1043090820312
2021-10-05,884.5306396484375
2021-10-06,873.4074096679688
2021-10-07,864.422119140625
2021-10-08,858.3920288085938
2021-10-11,882.2963256835938
2021-10-12,857.623291015625
2021-10-13,859.737548828125
2021-10-14,864.806640625
2021-10-18,859.95361328125
2021-10-19,860.0256958007812
2021-10-20,847.5570068359375
2021-10-21,845.0104370117188
2021-10-22,815.4124145507812
2021-10-25,805.1539306640625
2021-10-26,809.6946411132812
2021-10-27,802.6073608398438
2021-10-28,799.003662109375
2021-10-29,806.3311767578125
2021-11-01,805.1539306640625
2021-11-02,794.9676513671875
2021-11-03,792.6612548828125
2021-11-04,796.240966796875
2021-11-08,803.5203857421875
2021-11-09,803.6404418945312
2021-11-10,840.6381225585938
2021-11-11,801.9107666015625
2021-11-12,798.3069458007812
2021-11-15,799.412109375
2021-11-16,807.6525268554688
2021-11-17,803.8326416015625
2021-11-18,797.03369140625
2021-11-22,765.8260498046875
2021-11-23,757.3214111328125
2021-11-24,790.2587890625
2021-11-25,779.1355590820312
2021-11-26,797.8265991210938
2021-11-29,786.5830688476562
2021-11-30,787.3759765625
2021-12-01,767.3635864257812
2021-12-02,763.5678100585938
2021-12-03,775.9642944335938
2021-12-06,760.6127319335938
2021-12-07,768.708984375
2021-12-08,768.9011840820312
2021-12-09,776.4447631835938
2021-12-10,783.2197265625
2021-12-13,774.2106323242188
2021-12-14,758.85888671875
2021-12-15,769.7178955078125
2021-12-16,770.1023559570312
2021-12-17,765.5377197265625
2021-12-20,758.762939453125
2021-12-21,753.549560546875
2021-12-22,758.3783569335938
2021-12-23,817.3583374023438
2021-12-24,807.96484375
2021-12-27,799.1718139648438
2021-12-28,790.8113403320312
2021-12-29,802.078857421875
2021-12-30,837.0103759765625
2021-12-31,855.1246337890625
2022-01-03,840.6138916015625
2022-01-04,828.025146484375
2022-01-05,822.2833251953125
2022-01-06,809.3582763671875
2022-01-07,793.1177368164062
2022-01-10,819.8809814453125
2022-01-11,838.1634521484375
2022-01-12,820.1932373046875
2022-01-13,824.4454956054688
2022-01-14,829.7549438476562
2022-01-17,832.3976440429688
2022-01-18,835.9531860351562
2022-01-19,842.8721923828125
2022-01-20,840.8782348632812
2022-01-21,845.851318359375
2022-01-24,829.2263793945312
2022-01-25,831.7009887695312
2022-01-27,869.515380859375
2022-01-28,845.2266845703125
2022-01-31,836.3856811523438
2022-02-01,856.9985961914062
2022-02-02,885.4194946289062
2022-02-03,876.7227172851562
2022-02-04,845.8032836914062
2022-02-07,832.3735961914062
2022-02-08,845.3948974609375
2022-02-09,846.9324951171875
2022-02-10,844.96240234375
2022-02-11,819.5927124023438
2022-02-14,788.9134521484375
2022-02-15,777.7901611328125
2022-02-16,809.8147583007812
2022-02-17,788.4569091796875
2022-02-18,778.2465209960938
2022-02-21,777.8621826171875
2022-02-22,778.4628295898438
2022-02-23,777.5934448242188
2022-02-24,766.0975341796875
2022-02-25,772.8839111328125
2022-02-28,779.8877563476562
2022-03-02,771.0725708007812
2022-03-03,774.4054565429688
2022-03-04,761.2430419921875
2022-03-07,753.2731323242188
2022-03-08,755.3985595703125
2022-03-09,762.2333374023438
2022-03-10,756.123046875
2022-03-11,764.1653442382812
2022-03-14,751.2686157226562
2022-03-15,759.238525390625
2022-03-16,755.2777709960938
2022-03-17,775.2024536132812
2022-03-21,774.1880493164062
2022-03-22,772.49755859375
2022-03-23,765.517822265625
2022-03-24,759.6973876953125
2022-03-25,753.2974853515625
2022-03-28,748.6845092773438
2022-03-29,754.1427001953125
2022-03-30,757.69287109375
2022-03-31,760.7117309570312
2022-04-01,751.9449462890625
2022-04-04,773.2461547851562
2022-04-05,799.6675415039062
2022-04-06,777.5692749023438
2022-04-07,798.9912109375
2022-04-08,793.2915649414062
2022-04-11,783.3656005859375
2022-04-12,775.4922485351562
2022-04-13,776.1201782226562
2022-04-18,772.8839111328125
2022-04-19,778.2696533203125
2022-04-20,800.1746215820312
2022-04-21,795.36865234375
2022-04-22,822.5869140625
2022-04-25,824.3258056640625
2022-04-26,850.16748046875
2022-04-27,838.7682495117188
2022-04-28,830.0737915039062
2022-04-29,830.2670288085938
2022-05-02,823.9635620117188
2022-05-04,789.4275512695312
2022-05-05,805.0049438476562
2022-05-06,779.1874389648438
2022-05-09,788.6304931640625
2022-05-10,770.541259765625
2022-05-11,762.160888671875
2022-05-12,750.3992919921875
2022-05-13,769.068115234375
2022-05-16,782.9790649414062
2022-05-17,780.7572021484375
2022-05-18,772.5458374023438
2022-05-19,760.3495483398438
2022-05-20,768.2711181640625
2022-05-23,760.7600708007812
2022-05-24,759.625
2022-05-25,758.5140380859375
2022-05-26,755.6641235351562
2022-05-27,782.3753051757812
2022-05-30,795.078857421875
2022-05-31,785.2252197265625
2022-06-01,767.11181640625
2022-06-02,783.6071166992188
2022-06-03,763.126953125
2022-06-06,768.63330078125
2022-06-07,760.9533081054688
2022-06-08,771.169189453125
2022-06-09,762.28173828125
2022-06-10,762.0401611328125
2022-06-13,728.2769775390625
2022-06-14,731.7545776367188
2022-06-15,728.0594482421875
2022-06-16,705.7679443359375
2022-06-17,694.9000854492188
2022-06-20,710.8397216796875
2022-06-21,730.3779296875
2022-06-22,747.6942138671875
2022-06-23,736.850341796875
2022-06-24,752.2348022460938
2022-06-27,756.8959350585938
2022-06-28,757.64453125
2022-06-29,751.7999877929688
2022-06-30,759.625
2022-07-01,756.8959350585938
2022-07-04,768.8989868164062
2022-07-05,772.7871704101562
2022-07-06,770.7586059570312
2022-07-07,769.212890625
2022-07-08,760.7359008789062
2022-07-11,769.3095703125
2022-07-12,763.0302124023438
2022-07-13,782.3027954101562
2022-07-14,784.983642578125
2022-07-15,790.8040771484375
2022-07-18,794.5234375
2022-07-19,800.150634765625
2022-07-20,806.816162109375
2022-07-21,810.3663940429688
2022-07-22,833.6240234375
2022-07-25,819.5438232421875
2022-07-26,830.0254516601562
2022-07-27,839.468505859375
2022-07-28,837.34326171875
2022-07-29,854.997802734375
2022-08-01,863.8128051757812
2022-08-02,854.8286743164062
2022-08-03,866.6385498046875
2022-08-04,876.8062133789062
2022-08-05,894.9437255859375
2022-08-08,899.09765625
2022-08-10,883.6892700195312
2022-08-11,877.095947265625
2022-08-12,895.0711669921875
2022-08-16,904.84716796875
2022-08-17,876.61083984375
2022-08-18,876.1014404296875
2022-08-19,869.6245727539062
2022-08-22,839.9570922851562
2022-08-23,834.6930541992188
2022-08-24,865.7190551757812
2022-08-25,872.1474609375
2022-08-26,881.5352172851562
2022-08-29,871.4925537109375
2022-08-30,864.845703125
2022-09-01,875.6890869140625
2022-09-02,870.4977416992188
2022-09-05,894.9498291015625
2022-09-06,897.4241333007812
2022-09-07,905.3807983398438
2022-09-08,915.61767578125
2022-09-09,896.1384887695312
2022-09-12,909.068115234375
2022-09-13,952.999267578125
2022-09-14,953.9937744140625
2022-09-15,947.5654907226562
2022-09-16,921.6336059570312
2022-09-19,909.1165161132812
2022-09-20,922.2401123046875
2022-09-21,908.3159790039062
2022-09-22,912.2700805664062
2022-09-23,898.2732543945312
2022-09-26,929.6630859375
2022-09-27,927.8436889648438
2022-09-28,917.3641967773438
2022-09-29,928.7898559570312
2022-09-30,931.4097290039062
2022-10-03,953.3388671875
2022-10-04,979.9983520507812
2022-10-06,958.699951171875
2022-10-07,970.3195190429688
2022-10-10,955.8374633789062
2022-10-11,959.136474609375
2022-10-12,951.0586547851562
2022-10-13,938.0078125
2022-10-14,937.5955200195312
2022-10-17,928.6927490234375
2022-10-18,936.6493530273438
2022-10-19,931.6036987304688
2022-10-20,921.803466796875
2022-10-21,962.1930541992188
2022-10-24,960.6648559570312
2022-10-25,928.5714721679688
2022-10-27,933.1563110351562
2022-10-28,919.304931640625
2022-10-31,957.462646484375
2022-11-01,969.8344116210938
2022-11-02,962.5811157226562
2022-11-03,981.3082885742188
2022-11-04,968.4273071289062
2022-11-07,966.4624633789062
2022-11-09,961.125732421875
2022-11-10,965.2009887695312
2022-11-11,965.5648803710938
2022-11-14,959.8157958984375
2022-11-15,954.5032958984375
2022-11-16,994.3833618164062
2022-11-17,990.7931518554688
2022-11-18,1027.5196533203125
2022-11-21,1011.9945068359375
2022-11-22,991.6422119140625
2022-11-23,984.4376220703125
2022-11-24,1004.2079467773438
2022-11-25,998.2404174804688
2022-11-28,984.6801147460938
2022-11-29,977.7423706054688
2022-11-30,979.1493530273438
2022-12-01,979.0523071289062
2022-12-02,970.6834106445312
2022-12-05,979.7315673828125
2022-12-06,985.2866821289062
2022-12-07,979.3919067382812
2022-12-08,988.9011840820312
2022-12-09,993.9953002929688
2022-12-12,999.3563232421875
2022-12-13,987.4212646484375
2022-12-14,982.1088256835938
2022-12-15,1008.1376342773438
2022-12-16,1025.2880859375
2022-12-19,1001.7577514648438
2022-12-20,970.1738891601562
2022-12-21,975.9957885742188
2022-12-22,966.8991088867188
2022-12-23,948.9480590820312
2022-12-26,945.188232421875
2022-12-27,937.8380126953125
2022-12-28,933.7869262695312
2022-12-29,940.2637939453125
2022-12-30,943.3931274414062
2023-01-02,956.4681396484375
2023-01-03,961.9989624023438
2023-01-04,963.89111328125
2023-01-05,967.4327392578125
2023-01-06,947.2744140625
2023-01-09,935.9215698242188
2023-01-10,927.9891967773438
2023-01-11,933.0106201171875
2023-01-12,950.573486328125
2023-01-13,949.5304565429688
2023-01-16,949.1421508789062
2023-01-17,968.0150146484375
2023-01-18,966.6080322265625
2023-01-19,964.5460205078125
2023-01-20,938.7841186523438
2023-01-23,956.565185546875
2023-01-24,961.4896240234375
2023-01-25,972.114501953125
2023-01-27,985.57763671875
2023-01-30,983.9524536132812
2023-01-31,991.1327514648438
2023-02-01,980.4107055664062
2023-02-02,989.7501831054688
2023-02-03,999.2592163085938
2023-02-06,980.1195678710938
2023-02-07,977.4271240234375
2023-02-08,989.4346923828125
2023-02-09,952.7081298828125
2023-02-10,964.2306518554688
2023-02-13,949.6273803710938
2023-02-14,955.9830322265625
2023-02-15,951.0586547851562
2023-02-16,953.3631591796875
2023-02-17,955.38525390625
2023-02-20,951.3165283203125
2023-02-21,953.9234008789062
2023-02-22,934.7007446289062
2023-02-23,950.6343383789062
2023-02-24,958.6499633789062
2023-02-27,973.6333618164062
2023-02-28,944.6653442382812
2023-03-01,970.5635986328125
2023-03-02,963.0353393554688
2023-03-03,950.3419799804688
2023-03-06,952.07177734375
2023-03-08,953.850341796875
2023-03-09,957.5048828125
2023-03-10,956.213623046875
2023-03-13,951.4140014648438
2023-03-14,945.4937133789062
2023-03-15,948.0519409179688
2023-03-16,955.6287841796875
2023-03-17,953.50927734375
2023-03-20,952.9732666015625
2023-03-21,952.8513793945312
2023-03-22,954.093994140625
2023-03-23,959.3077392578125
2023-03-24,959.1859741210938
2023-03-27,950.1715087890625
2023-03-28,955.1417236328125
2023-03-29,952.461669921875
2023-03-31,963.0110473632812
2023-04-03,954.4107666015625
2023-04-05,952.8758544921875
2023-04-06,988.9578857421875
2023-04-10,997.290283203125
2023-04-11,988.7631225585938
2023-04-12,1024.967041015625
2023-04-13,1055.3726806640625
2023-04-17,1044.57958984375
2023-04-18,1032.203125
2023-04-19,1037.367919921875
2023-04-20,1028.2071533203125
2023-04-21,1045.7733154296875
2023-04-24,1019.5582885742188
2023-04-25,1007.3036499023438
2023-04-26,1024.065673828125
2023-04-27,1037.46533203125
2023-04-28,1037.806640625
2023-05-02,1013.5161743164062
2023-05-03,1021.4342651367188
2023-05-04,1010.8118896484375
2023-05-05,989.2259521484375
2023-05-08,1016.0013427734375
2023-05-09,1009.1064453125
2023-05-10,1020.9227294921875
2023-05-11,1010.9092407226562
2023-05-12,994.220458984375
2023-05-15,997.5338134765625
2023-05-16,974.4373779296875
2023-05-17,961.5736083984375
2023-05-18,977.8238525390625
2023-05-19,969.3453979492188
2023-05-22,956.77392578125
2023-05-23,951.14599609375
2023-05-24,935.577880859375
2023-05-25,1001.2615966796875
2023-05-26,1005.841796875
2023-05-29,1024.065673828125
2023-05-30,1031.4476318359375
2023-05-31,1025.454345703125
2023-06-01,1031.423095703125
2023-06-02,1032.6416015625
2023-06-05,1032.5440673828125
2023-06-06,1032.93408203125
2023-06-07,1053.374755859375
2023-06-08,1041.461181640625
2023-06-09,1052.2296142578125
2023-06-12,1042.776611328125
2023-06-13,1050.0126953125
2023-06-14,1060.8299560546875
2023-06-15,1053.374755859375
2023-06-16,1099.9088134765625
2023-06-19,1143.5435791015625
2023-06-20,1164.9346923828125
2023-06-21,1149.4395751953125
2023-06-22,1165.982177734375
2023-06-23,1126.099365234375
2023-06-26,1140.912353515625
2023-06-27,1138.4029541015625
2023-06-28,1145.0784912109375
2023-06-30,1153.337646484375
2023-07-03,1151.0718994140625
2023-07-04,1145.7607421875
2023-07-05,1121.0562744140625
2023-07-06,1127.3662109375
2023-07-07,1118.4493408203125
2023-07-10,1139.669677734375
2023-07-11,1193.683349609375
2023-07-12,1268.6005859375
2023-07-13,1228.9615478515625
2023-07-14,1251.814453125
2023-07-17,1254.37255859375
2023-07-18,1222.5782470703125
2023-07-19,1229.54638671875
2023-07-20,1219.4111328125
2023-07-21,1223.650390625
2023-07-24,1187.6900634765625
2023-07-25,1212.8331298828125
2023-07-26,1193.7076416015625
2023-07-27,1181.0142822265625
2023-07-28,1177.189453125
2023-07-31,1218.7044677734375
2023-08-01,1254.8841552734375
2023-08-02,1249.9871826171875
2023-08-03,1247.234130859375
2023-08-04,1288.7738037109375
2023-08-07,1250.9129638671875
2023-08-08,1241.581787109375
2023-08-09,1321.0550537109375
2023-08-10,1320.9332275390625
2023-08-11,1305.8524169921875
2023-08-14,1303.5865478515625
2023-08-16,1279.73486328125
2023-08-17,1268.830322265625
2023-08-18,1304.6976318359375
2023-08-21,1303.47509765625
2023-08-22,1295.94482421875
2023-08-23,1376.016845703125
2023-08-24,1351.787353515625
2023-08-25,1389.65966796875
2023-08-28,1428.338623046875
2023-08-29,1393.6693115234375
2023-08-30,1342.86328125
2023-08-31,1353.7679443359375
2023-09-01,1367.288330078125
2023-09-04,1359.831298828125
2023-09-05,1373.49853515625
2023-09-06,1388.1927490234375
2023-09-07,1364.5255126953125
2023-09-08,1360.833740234375
2023-09-11,1390.466552734375
2023-09-12,1429.854736328125
2023-09-13,1438.1185302734375
2023-09-14,1454.98876953125
2023-09-15,1445.91796875
2023-09-18,1452.005859375
2023-09-20,1446.0892333984375
2023-09-21,1410.392822265625
2023-09-22,1347.3619384765625
2023-09-25,1401.4443359375
2023-09-26,1376.1636962890625
2023-09-27,1380.22216796875
2023-09-28,1377.923828125
2023-09-29,1449.4630126953125
2023-10-03,1469.0716552734375
2023-10-04,1461.443359375
2023-10-05,1461.9813232421875
2023-10-06,1457.43359375
2023-10-09,1441.9814453125
2023-10-10,1441.54150390625
2023-10-11,1464.52392578125
2023-10-12,1441.492431640625
2023-10-13,1423.9378662109375
2023-10-16,1374.9898681640625
2023-10-17,1378.4127197265625
2023-10-18,1359.39111328125
2023-10-19,1308.68310546875
2023-10-20,1315.968994140625
2023-10-23,1259.0015869140625
2023-10-25,1268.879150390625
2023-10-26,1280.5172119140625
2023-10-27,1331.12744140625
2023-10-30,1361.2493896484375
2023-10-31,1367.4595947265625
2023-11-01,1369.3177490234375
2023-11-02,1369.3665771484375
2023-11-03,1371.8115234375
2023-11-06,1382.471435546875
2023-11-07,1420.759521484375
2023-11-08,1430.001220703125
2023-11-09,1470.1964111328125
2023-11-10,1469.364990234375
2023-11-13,1466.7733154296875
2023-11-15,1480.61181640625
2023-11-16,1469.4627685546875
2023-11-17,1482.9588623046875
2023-11-20,1478.0689697265625
2023-11-21,1464.3282470703125
2023-11-22,1468.386962890625
2023-11-23,1407.2633056640625
2023-11-24,1388.926025390625
2023-11-28,1362.129638671875
2023-11-29,1379.2930908203125
2023-11-30,1418.9501953125
2023-12-01,1428.289794921875
2023-12-04,1438.998779296875
2023-12-05,1443.4974365234375
2023-12-06,1458.3626708984375
2023-12-07,1465.404296875
2023-12-08,1420.808349609375
2023-12-11,1427.8497314453125
2023-12-12,1425.6981201171875
2023-12-13,1419.9281005859375
2023-12-14,1387.8994140625
2023-12-15,1388.583740234375
2023-12-18,1439.3900146484375
2023-12-19,1435.8690185546875
2023-12-20,1427.801025390625
2023-12-21,1454.255126953125
2023-12-22,1583.2017822265625
2023-12-26,1582.908447265625
2023-12-27,1588.8740234375
2023-12-28,1565.3536376953125
2023-12-29,1588.8740234375
2024-01-01,1580.0233154296875
2024-01-02,1604.570556640625
2024-01-03,1662.8582763671875
2024-01-04,1622.2720947265625
2024-01-05,1654.202880859375
2024-01-08,1628.4822998046875
2024-01-09,1648.970703125
2024-01-10,1642.7117919921875
2024-01-11,1623.54345703125
2024-01-12,1647.5528564453125
2024-01-15,1621.4405517578125
2024-01-16,1622.3699951171875
2024-01-17,1607.602294921875
2024-01-18,1559.8770751953125
2024-01-19,1581.5391845703125
2024-01-23,1621.6851806640625
2024-01-24,1656.5013427734375
2024-01-25,1658.163818359375
2024-01-29,1657.5770263671875
2024-01-30,1614.7415771484375
2024-01-31,1646.8682861328125
2024-02-01,1648.2374267578125
2024-02-02,1651.17138671875
2024-02-05,1670.77978515625
2024-02-06,1687.2586669921875
2024-02-07,1760.3138427734375
2024-02-08,1726.328857421875
2024-02-09,1687.7476806640625
2024-02-12,1643.640869140625
2024-02-13,1627.9443359375
2024-02-14,1639.0933837890625
2024-02-15,1627.6510009765625
2024-02-16,1624.069580078125
2024-02-19,1622.69580078125
2024-02-20,1617.9857177734375
2024-02-21,1641.8297119140625
2024-02-22,1625.737548828125
2024-02-23,1615.336669921875
2024-02-26,1616.366943359375
2024-02-27,1612.9327392578125
2024-02-28,1570.1513671875
2024-02-29,1532.521484375
2024-03-01,1502.6434326171875
2024-03-04,1538.016357421875
2024-03-05,1539.2918701171875
2024-03-06,1557.346435546875
2024-03-07,1558.180419921875
2024-03-11,1544.8358154296875
2024-03-12,1553.56884765625
2024-03-13,1522.4150390625
2024-03-14,1520.2071533203125
2024-03-15,1520.943115234375
2024-03-18,1580.74853515625
2024-03-19,1555.138671875
2024-03-20,1557.29736328125
2024-03-21,1588.79443359375
2024-03-22,1594.191162109375
2024-03-26,1585.6546630859375
2024-03-27,1612.049560546875
2024-03-28,1619.4088134765625
2024-04-01,1663.7108154296875
2024-04-02,1643.25244140625
2024-04-03,1652.672119140625
2024-04-04,1671.0701904296875
2024-04-05,1684.0712890625
2024-04-08,1677.251708984375
2024-04-09,1697.1214599609375
2024-04-10,1725.282470703125
2024-04-12,1766.00341796875
2024-04-15,1768.554443359375
2024-04-16,1761.0972900390625
2024-04-18,1764.0408935546875
2024-04-19,1746.1824951171875
2024-04-22,1754.3758544921875
2024-04-23,1750.6961669921875
2024-04-24,1790.28857421875
2024-04-25,1827.8203125
2024-04-26,1830.028076171875
2024-04-29,1870.8468017578125
2024-04-30,1869.47314453125
2024-05-02,1850.1920166015625
2024-05-03,1854.4114990234375
2024-05-06,1818.449462890625
2024-05-07,1768.750732421875
2024-05-08,1764.727783203125
2024-05-09,1732.2982177734375
2024-05-10,1783.2236328125
2024-05-13,1759.527099609375
2024-05-14,1763.5010986328125
2024-05-15,1771.498046875
2024-05-16,1798.138427734375
2024-05-17,1790.7301025390625
2024-05-21,1740.2952880859375
2024-05-22,1669.107666015625
2024-05-23,1647.1282958984375
2024-05-24,1636.2857666015625
2024-05-27,1748.586669921875
2024-05-28,1732.8870849609375
2024-05-29,1735.143798828125
2024-05-30,1715.077880859375
2024-05-31,1738.6273193359375
2024-06-03,1748.635498046875
2024-06-04,1713.458740234375
2024-06-05,1747.0657958984375
2024-06-06,1737.842041015625
2024-06-07,1765.758056640625
2024-06-10,1845.9730224609375
2024-06-11,1849.30908203125
2024-06-12,1857.8946533203125
2024-06-13,1849.9466552734375
2024-06-14,1819.4798583984375
2024-06-18,1766.8372802734375
2024-06-19,1776.453369140625
2024-06-20,1772.6754150390625
2024-06-21,1721.84814453125
2024-06-24,1720.916015625
2024-06-25,1711.6436767578125
2024-06-26,1692.3624267578125
2024-06-27,1650.120849609375
2024-06-28,1721.7010498046875
2024-07-01,1759.1348876953125
2024-07-02,1755.2098388671875
2024-07-03,1771.2528076171875
2024-07-04,1752.06982421875
2024-07-05,1709.828369140625
2024-07-08,1705.020263671875
2024-07-09,1692.264404296875
2024-07-10,1693.5400390625
2024-07-11,1688.879150390625
2024-07-12,1716.7457275390625
2024-07-15,1751.0396728515625
2024-07-16,1766.3468017578125
2024-07-18,1773.4114990234375
2024-07-19,1756.8779296875
2024-07-22,1778.0233154296875
2024-07-23,1790.9261474609375
2024-07-24,1823.8953857421875
2024-07-25,1827.7711181640625
2024-07-26,1849.30908203125
2024-07-29,1876.096435546875
2024-07-30,1906.90673828125
2024-07-31,1888.459716796875
2024-08-01,1876.6361083984375
2024-08-02,1891.157958984375
2024-08-05,1868.8353271484375
2024-08-06,1852.6943359375
2024-08-07,1881.3458251953125
2024-08-08,1910.978759765625
2024-08-09,1894.1019287109375
2024-08-12,1908.918212890625
2024-08-13,1908.96728515625
2024-08-14,1938.4571533203125
2024-08-16,1936.2908935546875
2024-08-19,1914.0872802734375
2024-08-20,1912.807373046875
2024-08-21,1895.62548828125
2024-08-22,1907.5887451171875
2024-08-23,1856.8306884765625
2024-08-26,1873.323486328125
2024-08-27,1928.0198974609375
2024-08-28,1938.8018798828125
2024-08-29,1931.023193359375
2024-08-30,1923.7860107421875
2024-09-02,1940.3280029296875
2024-09-03,1895.0838623046875
2024-09-04,1895.0838623046875
2024-09-05,1903.8963623046875
2024-09-06,1898.7763671875
2024-09-09,1907.342529296875
2024-09-10,1882.77587890625
2024-09-11,1839.057861328125
2024-09-12,1854.4183349609375
2024-09-13,1893.754638671875
2024-09-16,1871.747802734375
2024-09-17,1846.787353515625
2024-09-18,1828.47314453125
2024-09-19,1857.52001953125
2024-09-20,1868.1048583984375
2024-09-23,1922.013671875
2024-09-24,1914.4813232421875
2024-09-25,1880.2159423828125
2024-09-26,1859.5384521484375
2024-09-27,1809.7156982421875
2024-09-30,1846.196533203125
2024-10-01,1806.7618408203125
2024-10-03,1714.9442138671875
2024-10-04,1688.80224609375
2024-10-07,1676.051025390625
2024-10-08,1729.024658203125
2024-10-09,1762.2069091796875
2024-10-10,1784.7060546875
2024-10-11,1778.552001953125
2024-10-14,1802.8231201171875
2024-10-15,1856.6336669921875
2024-10-16,1876.3265380859375
2024-10-17,1855.50146484375
2024-10-18,1862.29541015625
2024-10-21,1876.7696533203125
2024-10-22,1871.255615234375
2024-10-23,1889.0775146484375
2024-10-24,1868.0555419921875
2024-10-25,1862.8370361328125
2024-10-28,1840.781005859375
2024-10-29,1825.5684814453125
2024-10-30,1853.6307373046875
2024-10-31,1930.9246826171875
2024-11-01,1930.186279296875
2024-11-04,1822.41748046875
2024-11-05,1824.43603515625
2024-11-06,1851.8089599609375
2024-11-07,1831.180908203125
2024-11-08,1812.423583984375
2024-11-11,1752.50830078125
2024-11-12,1752.212890625
2024-11-13,1689.0975341796875
2024-11-14,1656.1121826171875
2024-11-18,1653.601318359375
2024-11-19,1641.4410400390625
2024-11-21,1675.9033203125
2024-11-22,1716.6182861328125
2024-11-25,1727.5477294921875
2024-11-26,1722.8212890625
2024-11-27,1725.4306640625
2024-11-28,1700.027099609375
2024-11-29,1708.642578125
2024-12-02,1732.0770263671875
2024-12-03,1768.70556640625
2024-12-04,1783.4259033203125
2024-12-05,1751.42529296875
2024-12-06,1736.8524169921875
2024-12-09,1755.2652587890625
2024-12-10,1767.130126953125
2024-12-11,1786.8228759765625
2024-12-12,1812.4727783203125
2024-12-13,1813.0634765625
2024-12-16,1793.7152099609375
2024-12-17,1801.1494140625
2024-12-18,1827.2916259765625
2024-12-19,1883.85888671875
2024-12-20,1862.8370361328125
2024-12-23,1831.131591796875
2024-12-24,1828.5223388671875
2024-12-26,1780.96435546875
2024-12-27,1790.61376953125
2024-12-30,1828.47314453125
2024-12-31,1815.820556640625
2025-01-01,1849.347412109375
2025-01-02,1835.9072265625
2025-01-03,1838.91015625
2025-01-06,1799.130859375
2025-01-07,1867.267822265625
2025-01-08,1867.2186279296875
2025-01-09,1841.56884765625
2025-01-10,1795.044677734375
2025-01-13,1758.169921875
2025-01-14,1733.8985595703125
2025-01-15,1738.4771728515625
2025-01-16,1757.5791015625
2025-01-17,1720.9505615234375
2025-01-20,1774.760986328125
2025-01-21,1765.2100830078125
2025-01-22,1776.188720703125
2025-01-23,1777.9119873046875
2025-01-24,1752.606689453125
2025-01-27,1734.5877685546875
2025-01-28,1688.11279296875
2025-01-29,1693.4791259765625
2025-01-30,1719.17822265625
2025-01-31,1736.8033447265625
2025-02-01,1751.6220703125
2025-02-03,1690.032958984375
2025-02-04,1715.387451171875
2025-02-05,1687.4730224609375
2025-02-06,1690.0821533203125
2025-02-07,1653.76611328125
2025-02-10,1660.9898681640625
2025-02-11,1596.27392578125
2025-02-12,1609.08837890625
2025-02-13,1666.0858154296875
2025-02-14,1651.8365478515625
2025-02-17,1623.585205078125
2025-02-18,1598.0550537109375
2025-02-19,1656.6851806640625
2025-02-20,1612.9971923828125
2025-02-21,1590.039794921875
2025-02-24,1554.466064453125
2025-02-25,1575.295654296875
2025-02-27,1561.2938232421875
2025-02-28,1627.1475830078125
2025-03-03,1582.024658203125
2025-03-04,1590.039794921875
2025-03-05,1626.454833984375
2025-03-06,1575.4937744140625
2025-03-07,1561.7391357421875
2025-03-10,1574.15771484375
2025-03-11,1551.6953125
2025-03-12,1488.66162109375
2025-03-13,1501.9215087890625
2025-03-17,1506.3248291015625
2025-03-18,1506.3248291015625
2025-03-19,1582.6182861328125
2025-03-20,1612.9476318359375
2025-03-21,1633.035400390625
2025-03-24,1662.0782470703125
2025-03-25,1712.2972412109375
2025-03-26,1690.873779296875
2025-03-27,1598.797119140625
2025-03-28,1606.21875
2025-04-01,1534.180419921875
2025-04-02,1550.309814453125
2025-04-03,1564.064453125
2025-04-04,1513.3505859375
2025-04-07,1501.970947265625
2025-04-08,1506.621826171875
2025-04-09,1526.363037109375
2025-04-11,1555.1585693359375
2025-04-15,1574.8504638671875
2025-04-16,1610.9686279296875
2025-04-17,1629.0771484375
2025-04-21,1641.3472900390625
2025-04-22,1638.6756591796875
2025-04-23,1568.9132080078125
2025-04-24,1592.2662353515625
2025-04-25,1557.236572265625
2025-04-28,1583.6573486328125
2025-04-29,1568.9132080078125
2025-04-30,1595.53173828125
2025-05-02,1559.8095703125
2025-05-05,1553.5753173828125
2025-05-06,1488.66162109375
2025-05-07,1520.72265625
2025-05-08,1527.8472900390625
2025-05-09,1508.6502685546875
2025-05-12,1540.9091796875
2025-05-13,1566.3404541015625
2025-05-14,1595.82861328125
2025-05-15,1621.853515625
2025-05-16,1629.9676513671875
2025-05-19,1646.4930419921875
2025-05-20,1684.2933349609375
2025-05-21,1653.02392578125
2025-05-22,1667.1744384765625
2025-05-23,1684.1944580078125
2025-05-26,1684.1944580078125
2025-05-27,1670.9345703125
2025-05-28,1650.154296875
2025-05-29,1672.7158203125
2025-05-30,1658.763427734375
2025-06-02,1665.887939453125
2025-06-03,1674.002197265625
2025-06-04,1680.4342041015625
2025-06-05,1681.7205810546875
2025-06-06,1684.4913330078125
2025-06-09,1659.8519287109375
2025-06-10,1650.352294921875
2025-06-11,1699.6312255859375
2025-06-12,1727.0413818359375
2025-06-13,1716.2554931640625
2025-06-16,1717.047119140625
2025-06-17,1709.3287353515625
2025-06-18,1702.896728515625
2025-06-19,1654.21142578125
2025-06-20,1754.0557861328125
2025-06-23,1777.1121826171875
2025-06-24,1780.278564453125
2025-06-25,1778.299560546875
2025-06-26,1733.96826171875
2025-06-27,1782.5545654296875
2025-06-30,1661.73193359375
2025-07-01,1628.3843994140625
2025-07-02,1623.9315185546875
2025-07-03,1622.249267578125
2025-07-04,1620.962890625
2025-07-07,1615.8173828125
2025-07-08,1608.3958740234375
2025-07-09,1615.5205078125
2025-07-10,1597.510986328125
2025-07-11,1591.771484375
2025-07-14,1620.7650146484375
2025-07-15,1632.83740234375
2025-07-16,1637.7850341796875
2025-07-17,1646.69091796875
2025-07-18,1636.7955322265625
2025-07-21,1667.1744384765625
2025-07-22,1669.945068359375
2025-07-23,1671.4293212890625
2025-07-24,1677.8614501953125
2025-07-25,1690.1317138671875
2025-07-28,1691.9129638671875
2025-07-29,1783.7420654296875
2025-07-30,1770.827880859375
2025-07-31,1757.61572265625
2025-08-01,1726.5224609375
2025-08-04,1701.091552734375
2025-08-05,1682.81298828125
2025-08-06,1648.5408935546875
2025-08-07,1678.243408203125
2025-08-08,1679.7335205078125
2025-08-11,1699.800048828125
2025-08-12,1692.54833984375
2025-08-13,1704.1710205078125
2025-08-14,1705.363037109375
2025-08-18,1704.4691162109375
2025-08-19,1716.787109375
2025-08-20,1716.5885009765625
2025-08-21,1716.4891357421875
2025-08-22,1736.3570556640625
2025-08-25,1737.84716796875
2025-08-26,1707.64794921875
2025-08-28,1695.131103515625
2025-08-29,1712.9129638671875
2025-09-01,1714.10498046875
2025-09-02,1704.0716552734375
2025-09-03,1717.4825439453125
2025-09-04,1712.0189208984375
2025-09-05,1706.9525146484375
2025-09-08,1713.806884765625
2025-09-09,1717.68115234375
2025-09-10,1698.4093017578125
2025-09-11,1694.237060546875
2025-09-12,1688.674072265625
2025-09-15,1668.3094482421875
2025-09-16,1672.680419921875
2025-09-17,1681.819580078125
2025-09-18,1679.6341552734375
2025-09-19,1702.8795166015625
2025-09-22,1708.442626953125
2025-09-23,1712.0189208984375
2025-09-24,1684.4024658203125
2025-09-25,1658.37548828125
2025-09-26,1659.07080078125
2025-09-29,1693.8397216796875
2025-09-30,1698.4093017578125
2025-10-01,1678.5413818359375
2025-10-03,1657.382080078125
2025-10-06,1647.845458984375
2025-10-07,1645.75927734375
2025-10-08,1666.1239013671875
2025-10-09,1662.5477294921875
2025-10-10,1662.249755859375
2025-10-13,1649.2362060546875
2025-10-14,1648.1434326171875
2025-10-15,1656.488037109375
2025-10-16,1660.262939453125
2025-10-17,1682.217041015625
2025-10-20,1680.031494140625
2025-10-21,1679.6341552734375
2025-10-23,1697.5152587890625
2025-10-24,1690.958740234375
2025-10-27,1689.9654541015625
2025-10-28,1674.8658447265625
2025-10-29,1685.69384765625
2025-10-30,1695.131103515625
2025-10-31,1671.1903076171875
2025-11-03,1700.9921875
2025-11-04,1687.1839599609375
2025-11-06,1680.6275634765625
2025-11-07,1691.654296875
2025-11-10,1801.3251953125
2025-11-11,1816.325439453125
2025-11-12,1807.4842529296875
2025-11-13,1806.590087890625
2025-11-14,1810.9610595703125
2025-11-17,1809.470947265625
2025-11-18,1785.728759765625
2025-11-19,1740.429931640625
2025-11-20,1736.853759765625
2025-11-21,1718.1778564453125
2025-11-24,1744.99951171875
2025-11-25,1759.6025390625
2025-11-26,1769.13916015625
2025-11-27,1761.58935546875
2025-11-28,1759.6025390625
2025-12-01,1755.3309326171875
2025-12-02,1752.847412109375
2025-12-03,1751.85400390625
2025-12-04,1809.669677734375
2025-12-05,1813.34521484375
2025-12-08,1791.9873046875
2025-12-09,1787.11962890625
2025-12-10,1797.9476318359375
2025-12-11,1803.8087158203125
2025-12-12,1786.126220703125
2025-12-15,1780.364501953125
2025-12-16,1772.814697265625
2025-12-17,1784.4375
2025-12-18,1775.1988525390625
2025-12-19,1793.7752685546875
2025-12-22,1795.166015625
2025-12-23,1792.6826171875
2025-12-24,1803.5106201171875
2025-12-26,1806.590087890625
2025-12-29,1787.3182373046875
2025-12-30,1788.4110107421875
2025-12-31,1807.682861328125
2026-01-01,1807.98095703125
2026-01-02,1838.18017578125
2026-01-05,1828.0474853515625
2026-01-06,1865.7965087890625
2026-01-07,1920.234619140625
2026-01-08,1898.3800048828125
2026-01-09,1876.1278076171875
2026-01-12,1860.4322509765625
2026-01-13,1856.458740234375
2026-01-14,1882.883056640625
2026-01-15,1882.883056640625
2026-01-16,1891.4261474609375
2026-01-19,1913.9761962890625
2026-01-20,1871.8563232421875
2026-01-21,1872.154296875
2026-01-22,1889.0419921875
2026-01-23,1833.8092041015625
2026-01-27,1865.1011962890625
2026-01-28,1844.041259765625
2026-01-29,1833.8092041015625
2026-01-30,1857.154052734375
2026-02-02,1852.286376953125
2026-02-03,1883.180908203125
2026-02-04,1880.498779296875
2026-02-05,1845.33251953125
2026-02-06,1837.2861328125
2026-02-09,1870.266845703125
2026-02-10,1910.4000244140625
2026-02-11,1894.800048828125
2026-02-12,1910.0999755859375
2026-02-13,1891.800048828125
2026-02-16,1978.699951171875
2026-02-17,1988.9000244140625
2026-02-18,1984.0999755859375
2026-02-19,1992.4000244140625
2026-02-20,2000.300048828125
2026-02-23,2046.9000244140625
2026-02-24,2070.39990234375
2026-02-25,2085.89990234375
2026-02-26,2081.39990234375
2026-02-27,2053.5
2026-03-02,2077.39990234375
2026-03-04,2051.800048828125
2026-03-05,2070.39990234375
2026-03-06,2052.89990234375
2026-03-09,2071.60009765625
2026-03-10,2117.39990234375
2026-03-11,2126.10009765625
2026-03-12,2131.39990234375
2026-03-13,2121.800048828125
2026-03-16,2090.199951171875
2026-03-17,2104.0
2026-03-18,2118.0
2026-03-19,2084.89990234375
2026-03-20,2138.60009765625
2026-03-23,2080.300048828125
2026-03-24,2076.800048828125
2026-03-25,2085.300048828125
2026-03-27,2056.699951171875
2026-03-30,2064.39990234375
2026-04-01,2008.800048828125
2026-04-02,1961.0999755859375
2026-04-06,1952.0
2026-04-07,1961.9000244140625
2026-04-08,1942.5
2026-04-09,1970.199951171875
2026-04-10,2005.4000244140625
2026-04-13,1998.4000244140625
2026-04-15,1981.0999755859375
2026-04-16,1975.0
2026-04-17,1998.0
2026-04-20,1995.0999755859375
